{
"name": "Belize",
"code": "BH",
"publish_date": "December 17, 2019",
"introduction": 
{
"background": "Belize was the site of several Mayan city states until their decline at the end of the first millennium A.D. The British and Spanish disputed the region in the 17th and 18th centuries; it formally became the colony of British Honduras in 1862. Territorial disputes between the UK and Guatemala delayed the independence of Belize until 1981. Guatemala refused to recognize the new nation until 1992 and the two countries are involved in an ongoing border dispute. Both nations have voted to send the dispute for final resolution to the International Court of Justice. Tourism has become the mainstay of the economy. Current concerns include the country&#39;s heavy foreign debt burden, high crime rates, high unemployment combined with a majority youth population, growing involvement in the Mexican and South American drug trade, and one of the highest HIV/AIDS prevalence rates in Central America.",
}, 
"geography": 
{
"location": "Central America, bordering the Caribbean Sea, between Guatemala and Mexico",
"geographic_coordinates": "17 15 N, 88 45 W",
"map_references": "Central America and the Caribbean",
"area": 
{
"total": "22,966 sq km",
"land": "22,806 sq km",
"water": "160 sq km",
}, 
"area_comparative": "slightly smaller than Massachusetts",
"land_boundaries": 
{
"total": "542 km",
"border_countries": "Guatemala 266 km, Mexico 276 km",
}, 
"coastline": "386 km",
"maritime_claims": 
{
"territorial_sea": "12 nm in the north, 3 nm in the south; note - from the mouth of the Sarstoon River to Ranguana Cay, Belize&#39;s territorial sea is 3 nm; according to Belize&#39;s Maritime Areas Act, 1992, the purpose of this limitation is to provide a framework for negotiating a definitive agreement on territorial differences with Guatemala",
"exclusive_economic_zone": "200 nm",
}, 
"climate": "tropical; very hot and humid; rainy season (May to November); dry season (February to May)",
"terrain": "flat, swampy coastal plain; low mountains in south",
"elevation": 
{
"mean_elevation": "173 m",
"lowest_point": "Caribbean Sea 0 m",
"highest_point": "Doyle&#39;s Delight 1,124 m",
}, 
"natural_resources": "arable land potential, timber, fish, hydropower",
"land_use": 
{
"agricultural_land": "6.9% (2011 est.)",
"agricultural_land_arable_land": "3.3% (2011 est.)",
"agricultural_land_permanent_crops": "1.4% (2011 est.)",
"agricultural_land_permanent_pasture": "2.2% (2011 est.)",
"forest": "60.6% (2011 est.)",
"other": "32.5% (2011 est.)",
}, 
"irrigated_land": "35 sq km (2012)",
"population_distribution": "approximately 25% to 30% of the population lives in the former capital, Belize City; over half of the overall population is rural; population density is slightly higher in the north and east",
"natural_hazards": "frequent, devastating hurricanes (June to November) and coastal flooding (especially in south)",
"environment_current_issues": "deforestation; water pollution, including pollution of Belize&#39;s Barrier Reef System, from sewage, industrial effluents, agricultural runoff; inability to properly dispose of solid waste",
"environment_international_agreements": 
{
"party_to": "Biodiversity, Climate Change, Climate Change-Kyoto Protocol, Desertification, Endangered Species, Hazardous Wastes, Law of the Sea, Ozone Layer Protection, Ship Pollution, Wetlands, Whaling",
"signed_but_not_ratified": "none of the selected agreements",
}, 
"geography_note": "only country in Central America without a coastline on the North Pacific Ocean",
}, 
"people_and_society": 
{
"population": "385,854 (July 2018 est.)",
"nationality": 
{
"noun": "Belizean(s)",
"adjective": "Belizean",
}, 
"ethnic_groups": "mestizo 52.9%, Creole 25.9%, Maya 11.3%, Garifuna 6.1%, East Indian 3.9%, Mennonite 3.6%, white 1.2%, Asian 1%, other 1.2%, unknown 0.3% (2010 est.)",
"languages": "English 62.9% (official), Spanish 56.6%, Creole 44.6%, Maya 10.5%, German 3.2%, Garifuna 2.9%, other 1.8%, unknown 0.3%, none 0.2% (cannot speak) (2010 est.)",
"religions": "Roman Catholic 40.1%, Protestant 31.5% (includes Pentecostal 8.4%, Seventh Day Adventist 5.4%, Anglican 4.7%, Mennonite 3.7%, Baptist 3.6%, Methodist 2.9%, Nazarene 2.8%), Jehovah&#39;s Witness 1.7%, other 10.5% (includes Baha&#39;i, Buddhist, Hindu, Mormon, Muslim, Rastafarian, Salvation Army), unspecified 0.6%, none 15.5% (2010 est.)",
"demographic_profile": "&lt;p&gt;Migration continues to transform Belize&#39;s population. About 16% of Belizeans live abroad, while immigrants constitute approximately 15% of Belize&#39;s population. Belizeans seeking job and educational opportunities have preferred to emigrate to the United States rather than former colonizer Great Britain because of the United States&#39; closer proximity and stronger trade ties with Belize. Belizeans also emigrate to Canada, Mexico, and English-speaking Caribbean countries. The emigration of a large share of Creoles (Afro-Belizeans) and the influx of Central American immigrants, mainly Guatemalans, Salvadorans, and Hondurans, has changed Belize&#39;s ethnic composition. Mestizos have become the largest ethnic group, and Belize now has more native Spanish speakers than English or Creole speakers, despite English being the official language. In addition, Central American immigrants are establishing new communities in rural areas, which contrasts with the urbanization trend seen in neighboring countries. Recently, Chinese, European, and North American immigrants have become more frequent.&lt;/p&gt;&lt;p&gt;Immigration accounts for an increasing share of Belize&#39;s population growth rate, which is steadily falling due to fertility decline. Belize&#39;s declining birth rate and its increased life expectancy are creating an aging population. As the elderly population grows and nuclear families replace extended households, Belize&#39;s government will be challenged to balance a rising demand for pensions, social services, and healthcare for its senior citizens with the need to reduce poverty and social inequality and to improve sanitation.&lt;/p&gt;",
"age_structure": 
{
"0_14_years": "33.61% (male 66,207 /female 63,466)",
"15_24_years": "18.74% (male 37,184 /female 35,127)",
"25_54_years": "37.43% (male 70,222 /female 74,187)",
"55_64_years": "5.88% (male 11,397 /female 11,284)",
"65_years_and_over": "4.35% (male 8,293 /female 8,487) (2018 est.)",
}, 
"dependency_ratios": 
{
"total_dependency_ratio": "56.8 (2015 est.)",
"youth_dependency_ratio": "50.9 (2015 est.)",
"elderly_dependency_ratio": "5.9 (2015 est.)",
"potential_support_ratio": "17 (2015 est.)",
}, 
"median_age": 
{
"total": "23.7 years (2018 est.)",
"male": "23.2 years",
"female": "24.4 years",
}, 
"population_growth_rate": "1.8% (2018 est.)",
"birth_rate": "22.9 births/1,000 population (2018 est.)",
"death_rate": "4.2 deaths/1,000 population (2018 est.)",
"net_migration_rate": "-0.6 migrant(s)/1,000 population (2018 est.)",
"population_distribution": "approximately 25% to 30% of the population lives in the former capital, Belize City; over half of the overall population is rural; population density is slightly higher in the north and east",
"urbanization": 
{
"urban_population": "45.9% of total population (2019)",
"rate_of_urbanization": "2.32% annual rate of change (2015-20 est.)",
}, 
"major_urban_areas_population": "23,000 BELMOPAN (capital) (2018)",
"sex_ratio": 
{
"at_birth": "1.05 male(s)/female",
"0_14_years": "1.04 male(s)/female",
"15_24_years": "1.06 male(s)/female",
"25_54_years": "0.95 male(s)/female",
"55_64_years": "1.01 male(s)/female",
"65_years_and_over": "0.98 male(s)/female",
"total_population": "1 male(s)/female (2018 est.)",
}, 
"maternal_mortality_rate": "36 deaths/100,000 live births (2017 est.)",
"infant_mortality_rate": 
{
"total": "12 deaths/1,000 live births (2018 est.)",
"male": "13.3 deaths/1,000 live births",
"female": "10.7 deaths/1,000 live births",
}, 
"life_expectancy_at_birth": 
{
"total_population": "74.7 years (2018 est.)",
"male": "73.1 years",
"female": "76.3 years",
}, 
"total_fertility_rate": "2.8 children born/woman (2018 est.)",
"contraceptive_prevalence_rate": "51.4% (2015/16)",
"drinking_water_source": 
{
"improved_urban": "98.9% of population",
"improved_rural": "100% of population",
"improved_total": "99.5% of population",
"unimproved_urban": "1.1% of population",
"unimproved_rural": "0% of population",
"unimproved_total": "0.5% of population (2015 est.)",
}, 
"current_health_expenditure": "6.1% (2016)",
"physicians_density": "1.13 physicians/1,000 population (2017)",
"hospital_bed_density": "1.3 beds/1,000 population (2014)",
"sanitation_facility_access": 
{
"improved_urban": "93.5% of population (2015 est.)",
"improved_rural": "88.2% of population (2015 est.)",
"improved_total": "90.5% of population (2015 est.)",
"unimproved_urban": "6.5% of population (2015 est.)",
"unimproved_rural": "11.8% of population (2015 est.)",
"unimproved_total": "9.5% of population (2015 est.)",
}, 
"hiv_aids_adult_prevalence_rate": "1.9% (2018 est.)",
"hiv_aids_people_living_with_hiv_aids": "4,900 (2018 est.)",
"hiv_aids_deaths": " &lt;200 (2018 est.)",
"obesity_adult_prevalence_rate": "24.1% (2016)",
"children_under_the_age_of_5_years_underweight": "4.6% (2015)",
"education_expenditures": "7.4% of GDP (2017)",
"school_life_expectancy_primary_to_tertiary_education": 
{
"total": "13 years",
"male": "13 years",
"female": "13 years (2017)",
}, 
"unemployment_youth_ages_15_24": 
{
"total": "15.3%",
"male": "9.5%",
"female": "24.8% (2017 est.)",
}, 
}, 
"government": 
{
"country_name": 
{
"conventional_long_form": "none",
"conventional_short_form": "Belize",
"former": "British Honduras",
"etymology": "may be named for the Belize River, whose name possibly derives from the Maya word &quot;belix,&quot; meaning &quot;muddy-watered&quot;",
}, 
"government_type": "parliamentary democracy (National Assembly) under a constitutional monarchy; a Commonwealth realm",
"capital": 
{
"name": "Belmopan",
"geographic_coordinates": "17 15 N, 88 46 W",
"time_difference": "UTC-6 (1 hour behind Washington, DC, during Standard Time)",
}, 
"administrative_divisions": "6 districts; Belize, Cayo, Corozal, Orange Walk, Stann Creek, Toledo",
"independence": "21 September 1981 (from the UK)",
"national_holiday": "Battle of St. George&#39;s Caye Day (National Day), 10 September (1798); Independence Day, 21 September (1981)",
"constitution": 
{
"history": "previous 1954, 1963 (preindependence); latest signed and entered into force 21 September 1981",
"amendments": "proposed and adopted by two-thirds majority vote of the National Assembly House of Representatives except for amendments relating to rights and freedoms, changes to the Assembly, and to elections and judiciary matters, which require at least three-quarters majority vote of the House; both types of amendments require assent of the governor general; amended several times, last in 2018 (2019)",
}, 
"legal_system": "English common law",
"international_law_organization_participation": "has not submitted an ICJ jurisdiction declaration; accepts ICCt jurisdiction",
"citizenship": 
{
"citizenship_by_birth": "yes",
"citizenship_by_descent_only": "yes",
"dual_citizenship_recognized": "yes",
"residency_requirement_for_naturalization": "5 years",
}, 
"suffrage": "18 years of age; universal",
"executive_branch": 
{
"chief_of_state": "Queen ELIZABETH II (since 6 February 1952); represented by Governor General Sir Colville Norbert YOUNG, Sr. (since 17 November 1993)",
"head_of_government": "Prime Minister Dean Oliver BARROW (since 8 February 2008); Deputy Prime Minister Patrick FABER (since 7 June 2016)",
"cabinet": "Cabinet appointed by the governor general on the advice of the prime minister from among members of the National Assembly",
"elections_appointments": "the monarchy is hereditary; governor general appointed by the monarch; following legislative elections, the leader of the majority party or majority coalition usually appointed prime minister by the governor general; prime minister recommends the deputy prime minister",
}, 
"legislative_branch": 
{
"description": "bicameral National Assembly consists of:&lt;br /&gt;Senate (14 seats, including the president); members appointed by the governor general - 6 on the advice of the prime minister, 3 on the advice of the leader of the opposition, and 1 each on the advice of the Belize Council of Churches and Evangelical Association of Churches, the Belize Chamber of Commerce and Industry and the Belize Better Business Bureau, non-governmental organizations in good standing, and the National Trade Union Congress and the Civil Society Steering Committee; Senate president elected from among the Senate members or from outside the Senate; term of appointment NA&lt;br /&gt;House of Representatives (31 seats; members directly elected in single-seat constituencies by simple majority vote to serve 5-year terms)",
"elections": "&lt;br /&gt;Senate -&amp;nbsp; last appointed 13 November 2015 (next appointments NA)&lt;br /&gt;House of Representatives - last held on 4 November 2015 (next to be held in November 2020)",
"election_results": "&lt;br /&gt;Senate - composition as of June 2019 - men 11, women 3, percent of women 21.4%&lt;br /&gt;House of Representatives - percent of vote by party - UDP 50%, PUP 47.3%, other 2.7%; seats by party - UDP 19, PUP 12; composition - men 29, women 2; percent of women 6.5%; note - total National Assembly percent of women as of June 2019 - 11.1%",
}, 
"judicial_branch": 
{
"highest_courts": "Supreme Court of Judicature (consists of the Court of Appeal with the court president and 3 justices, and the Supreme Court with the chief justice and 10 justices); note - in 2010, Belize acceded to the Caribbean Court of Justice as the final court of appeal, replacing that of the Judicial Committee of the Privy Council in London",
"judge_selection_and_term_of_office": "Court of Appeal president and justices appointed by the governor-general upon advice of the prime minister after consultation with the National Assembly opposition leader; justices&#39; tenures vary by terms of appointment; Supreme Court chief justice appointed by the governor-general upon the advice of the prime minister and the National Assembly opposition leader; other judges appointed by the governor-general upon the advice of the Judicial and Legal Services Section of the Public Services Commission and with the concurrence of the prime minister after consultation with the National Assembly opposition leader; judges can be appointed beyond age 65 but must retire by age 75; in 2013, the Supreme Court chief justice overturned a constitutional amendment that had restricted Court of Appeal judge appointments to as short as 1 year",
"subordinate_courts": "Magistrates&#39; Courts; Family Court",
}, 
"political_parties_and_leaders": "Belize Progressive Party or BPP [Patrick ROGERS] (formed in 2015 from a merger of the People&#39;s National Party, elements of the Vision Inspired by the People, and other smaller political groups)&lt;br /&gt;People&#39;s United Party or PUP [Johnny BRICENO]&lt;br /&gt;United Democratic Party or UDP [Dean Oliver BARROW]&lt;br /&gt;Vision Inspired by the People or VIP [Hubert ENRIQUEZ]",
"international_organization_participation": "ACP, AOSIS, C, Caricom, CD, CDB, CELAC, FAO, G-77, IADB, IAEA, IBRD, ICAO, ICC (NGOs), ICRM, IDA, IFAD, IFC, IFRCS, ILO, IMF, IMO, Interpol, IOC, IOM, ITU, LAES, MIGA, NAM, OAS, OPANAL, OPCW, PCA, Petrocaribe, SICA, UN, UNCTAD, UNESCO, UNIDO, UPU, WCO, WHO, WIPO, WMO, WTO",
"diplomatic_representation_in_the_us": 
{
"chief_of_mission": "Ambassador Francisco Daniel GUTIEREZ (since 21 July 2017)",
"chancery": "2535 Massachusetts Avenue NW, Washington, DC 20008",
"telephone": "[1] (202) 332-9636",
"fax": "[1] (202) 332-6888",
"consulate_s_general": "Los Angeles",
"consulate_s": "Miami",
}, 
"diplomatic_representation_from_the_us": 
{
"chief_of_mission": "Ambassador (vacant); Charge d&amp;rsquo;Affaires Keith R. GILGES (since 24 July 2018)",
"telephone": "[011] (501) 822-4011",
"embassy": "4 Floral Park Road, Belmopan City, Cayo District",
"mailing_address": "P.O. Box 497, Belmopan City, Cayo District, Belize",
"fax": "[011] (501) 822-4012",
}, 
"flag_description": "royal blue with a narrow red stripe along the top and the bottom edges; centered is a large white disk bearing the coat of arms; the coat of arms features a shield flanked by two workers in front of a mahogany tree with the related motto SUB UMBRA FLOREO (I Flourish in the Shade) on a scroll at the bottom, all encircled by a green garland of 50 mahogany leaves; the colors are those of the two main political parties: blue for the PUP and red for the UDP; various elements of the coat of arms - the figures, the tools, the mahogany tree, and the garland of leaves - recall the logging industry that led to British settlement of Belize",
"national_symbol_s": "Baird&#39;s tapir (a large, browsing, forest-dwelling mammal), keel-billed toucan, Black Orchid; national colors: red, blue",
"national_anthem": 
{
"name": "Land of the Free",
"lyrics_music": "Samuel Alfred HAYNES/Selwyn Walford YOUNG",
}, 
}, 
"economy": 
{
"economy_overview": "&lt;p&gt;Tourism is the number one foreign exchange earner in this small economy, followed by exports of sugar, bananas, citrus, marine products, and crude oil.&lt;/p&gt;&lt;p&gt;&lt;/p&gt;&lt;p&gt;The government&#39;s expansionary monetary and fiscal policies, initiated in September 1998, led to GDP growth averaging nearly 4% in 1999-2007, but GPD growth has averaged only 2.1% from 2007-2016, with 2.5% growth estimated for 2017. Belize’s dependence on energy imports makes it susceptible to energy price shocks.&lt;/p&gt;&lt;p&gt;&lt;/p&gt;&lt;p&gt;Although Belize has the third highest per capita income in Central America, the average income figure masks a huge income disparity between rich and poor, and a key government objective remains reducing poverty and inequality with the help of international donors. High unemployment, a growing trade deficit and heavy foreign debt burden continue to be major concerns. Belize faces continued pressure from rising sovereign debt, and a growing trade imbalance.&lt;/p&gt;",
"gdp_purchasing_power_parity":
{
"2017": "$3.218 billion",
"2016": "$3.194 billion",
"2015": "$3.21 billion",
},
"gdp_official_exchange_rate": "$1.854 billion (2017 est.)",
"gdp_real_growth_rate":
{
"2017": "0.8%",
"2016": "-0.5%",
"2015": "3.8%",
},
"gdp_per_capita_ppp":
{
"2017": "$8,300",
"2016": "$8,500",
"2015": "$8,800",
},
"gross_national_saving":
{
"2017": "11.3% of GDP",
"2016": "13.3% of GDP",
"2015": "14.2% of GDP",
},
"gdp_composition_by_end_use": 
{
"household_consumption": "75.1% (2017 est.)",
"government_consumption": "15.2% (2017 est.)",
"investment_in_fixed_capital": "22.5% (2017 est.)",
"investment_in_inventories": "1.2% (2017 est.)",
"exports_of_goods_and_services": "49.1% (2017 est.)",
"imports_of_goods_and_services": "-63.2% (2017 est.)",
}, 
"gdp_composition_by_sector_of_origin": 
{
"agriculture": "10.3% (2017 est.)",
"industry": "21.6% (2017 est.)",
"services": "68% (2017 est.)",
}, 
"agriculture_products": "bananas, cacao, citrus, sugar; fish, cultured shrimp; lumber",
"industries": "garment production, food processing, tourism, construction, oil",
"industrial_production_growth_rate": "-0.6% (2017 est.)",
"labor_force": "120,500 (2008 est.)",
"labor_force_by_occupation": 
{
"agriculture": "10.2%",
"industry": "18.1%",
"services": "71.7% (2007 est.)",
}, 
"unemployment_rate":
{
"2017": "9%",
"2016": "8%",
},
"population_below_poverty_line": "41% (2013 est.)",
"household_income_or_consumption_by_percentage_share": 
{
"lowest_10": " NA",
"highest_10": " NA",
}, 
"budget": 
{
"revenues": "553.5 million (2017 est.)",
"expenditures": "572 million (2017 est.)",
}, 
"taxes_and_other_revenues": "29.9% (of GDP) (2017 est.)",
"budget_surplus_or_deficit": "-1% (of GDP) (2017 est.)",
"public_debt":
{
"2017": "99% of GDP",
"2016": "95.9% of GDP",
},
"fiscal_year": "1 April - 31 March",
"inflation_rate_consumer_prices":
{
"2017": "1.1%",
"2016": "0.7%",
},
"central_bank_discount_rate":
{
"1 November 2017": "9.58%",
"1 November 2016": "9.14%",
},
"commercial_bank_prime_lending_rate":
{
"31 December 2017": "9.46%",
"31 December 2016": "9.84%",
},
"stock_of_narrow_money":
{
"31 December 2017": "$768.8 million",
"31 December 2016": "$735.9 million",
},
"stock_of_broad_money":
{
"31 December 2017": "$768.8 million",
"31 December 2016": "$735.9 million",
},
"stock_of_domestic_credit":
{
"31 December 2017": "$1.323 billion",
"31 December 2016": "$1.278 billion",
},
"market_value_of_publicly_traded_shares": "&lt;p&gt;NA&lt;/p&gt;", 
"current_account_balance":
{
"2017": "-$143 million",
"2016": "-$163 million",
},
"exports":
{
"2017": "$457.5 million",
"2016": "$442.7 million",
},
"exports_partners": "UK 33.9%, US 22%, Jamaica 6.7%, Italy 6.4%, Barbados 5.9%, Ireland 5.5%, Netherlands 4.3% (2017)",
"exports_commodities": "sugar, bananas, citrus, clothing, fish products, molasses, wood, crude oil",
"imports":
{
"2017": "$845.9 million",
"2016": "$916.2 million",
},
"imports_commodities": "machinery and transport equipment, manufactured goods; fuels, chemicals, pharmaceuticals; food, beverages, tobacco",
"imports_partners": "US 35.6%, China 11.2%, Mexico 11.2%, Guatemala 6.9% (2017)",
"reserves_of_foreign_exchange_and_gold":
{
"31 December 2017": "$312.1 million",
"31 December 2016": "$376.7 million",
},
"debt_external":
{
"31 December 2017": "$1.315 billion",
"31 December 2016": "$1.338 billion",
},
"stock_of_direct_foreign_investment_at_home": "&lt;p&gt;NA&lt;/p&gt;", 
"exchange_rates": 
{
"currency": "Belizean dollars (BZD) per US dollar -",
"exchange_rates":
{
"2017": "2",
"2016": "2",
"2015": "2",
"2014": "2",
"2013": "2",
},
}, 
}, 
"energy": 
{
"electricity_access": 
{
"electrification_total_population": "92.2% (2016)",
"electrification_urban_areas": "97.1% (2016)",
"electrification_rural_areas": "88.4% (2016)",
}, 
"electricity_production": "280 million kWh (2016 est.)",
"electricity_consumption": "453 million kWh (2016 est.)",
"electricity_exports": "0 kWh (2016 est.)",
"electricity_imports": "243 million kWh (2016 est.)",
"electricity_installed_generating_capacity": "198,000 kW (2016 est.)",
"electricity_from_fossil_fuels": "51% of total installed capacity (2016 est.)",
"electricity_from_nuclear_fuels": "0% of total installed capacity (2017 est.)",
"electricity_from_hydroelectric_plants": "27% of total installed capacity (2017 est.)",
"electricity_from_other_renewable_sources": "22% of total installed capacity (2017 est.)",
"crude_oil_production": "2,000 bbl/day (2018 est.)",
"crude_oil_exports": "1,220 bbl/day (2015 est.)",
"crude_oil_imports": "0 bbl/day (2015 est.)",
"crude_oil_proved_reserves": "6.7 million bbl (1 January 2018 est.)",
"refined_petroleum_products_production": "36 bbl/day (2015 est.)",
"refined_petroleum_products_consumption": "4,000 bbl/day (2016 est.)",
"refined_petroleum_products_exports": "0 bbl/day (2015 est.)",
"refined_petroleum_products_imports": "4,161 bbl/day (2015 est.)",
"natural_gas_production": "0 cu m (2017 est.)",
"natural_gas_consumption": "0 cu m (2017 est.)",
"natural_gas_exports": "0 cu m (2017 est.)",
"natural_gas_imports": "0 cu m (2017 est.)",
"natural_gas_proved_reserves": "0 cu m (1 January 2014 est.)",
"carbon_dioxide_emissions_from_consumption_of_energy": "556,700 Mt (2017 est.)",
}, 
"communications": 
{
"telephones_fixed_lines": 
{
"total_subscriptions": "23,000",
"subscriptions_per_100_inhabitants": "6 (July 2016 est.)",
}, 
"telephones_mobile_cellular": 
{
"total_subscriptions": "227,000",
"subscriptions_per_100_inhabitants": "63 (July 2016 est.)",
}, 
"telephone_system": 
{
"general_assessment": "govt telecom company,&amp;nbsp;Belize Telemedia Ltd. (BTL), continues to hold a monopoly in fixed-line services and mobile and broadband fixed-line teledensity;&amp;nbsp;small market, underinvestment with lack of competition, yet BTL reports stable telecom revenue for fiscal 2017 (2018)",
"domestic": "mobile sector accounting for over 90% of all phone subscriptions; 6 per 100 fixed-line; mobile-cellular teledensity approaching 65 per 100 persons (2018)",
"international": "country code - 501; landing points for the&amp;nbsp;ARCOS and SEUL&amp;nbsp;fiber-optic telecommunications submarine cable that provides links to South and Central America, parts of the Caribbean, and the US; satellite earth station - 8 (Intelsat - 2, unknown - 6) (2019)",
}, 
"broadcast_media": "8 privately owned TV stations; multi-channel cable TV provides access to foreign stations; about 25 radio stations broadcasting on roughly 50 different frequencies; state-run radio was privatized in 1998 (2019)",
"internet_country_code": ".bz",
"internet_users": 
{
"total": "157,735",
"percent_of_population": "44.6% (July 2016 est.)",
}, 
"broadband_fixed_subscriptions": 
{
"total": "22,000",
"subscriptions_per_100_inhabitants": "6 (2017 est.)",
}, 
}, 
"military_and_security": 
{
"military_expenditures":
{
"2018": "1.26% of GDP",
"2017": "1.58% of GDP",
"2016": "1.17% of GDP",
"2015": "1.09% of GDP",
"2014": "1.06% of GDP",
},
"military_and_security_forces": "Belize Defense Force (BDF): Army, Air Wing; Belize Coast Guard (2019)",
"military_service_age_and_obligation": "18 years of age for voluntary military service; laws allow for conscription only if volunteers are insufficient; conscription has never been implemented; volunteers typically outnumber available positions by 3:1; initial service obligation 12 years (2012)",
}, 
"transportation": 
{
"national_air_transport_system": 
{
"number_of_registered_air_carriers": "2 (2015)",
"inventory_of_registered_aircraft_operated_by_air_carriers": "28 (2015)",
"annual_passenger_traffic_on_registered_air_carriers": "935,603 (2015)",
"annual_freight_traffic_on_registered_air_carriers": "2,463,420 mt-km (2015)",
}, 
"civil_aircraft_registration_country_code_prefix": "V3 (2016)",
"airports": "47 (2013)",
"airports_with_paved_runways": 
{
"total": "6 (2017)",
"2_438_to_3_047_m": "1 (2017)",
"914_to_1_523_m": "2 (2017)",
"under_914_m": "3 (2017)",
}, 
"airports_with_unpaved_runways": 
{
"total": "41 (2013)",
"2_438_to_3_047_m": "1 (2013)",
"914_to_1_523_m": "11 (2013)",
"under_914_m": "29 (2013)",
}, 
"roadways": 
{
"total": "3,281 km (2017)",
"paved": "601 km (2017)",
"unpaved": "2,680 km (2017)",
}, 
"waterways": "825 km (navigable only by small craft) (2011)",
"merchant_marine": 
{
"total": "764",
"by_type": "bulk carrier 54, container ship 4, general cargo 383, oil tanker 57, other 266 (2018)",
}, 
"ports_and_terminals": "Belize City, Big Creek",
}, 
"transnational_issues": 
{
"disputes_international": "&lt;p&gt;Guatemala persists in its territorial claim to approximately half of Belize, but agrees to the Line of Adjacency to keep Guatemalan squatters out of Belize&#39;s forested interior; both countries agreed in April 2012 to hold simultaneous referenda, scheduled for 6 October 2013, to decide whether to refer the dispute to the ICJ for binding resolution, but this vote was suspended indefinitely; Belize and Mexico are working to solve minor border demarcation discrepancies arising from inaccuracies in the 1898 border treaty&lt;/p&gt;",
"trafficking_in_persons": 
{
"current_situation": "Belize is a source, destination, and transit country for men, women, and children subjected to forced labor and sex trafficking; the coerced prostitution of women and children by family members has not led to arrests; child sex tourism, involving primarily US citizens, is on the rise; sex trafficking and forced labor of Belizean and foreign women and LGBT individuals occurs in bars, nightclubs, brothels, and domestic service; workers from Central America, Mexico, and Asia may fall victim to forced labor in restaurants, shops, agriculture, and fishing",
"tier_rating": "Tier 3 – Belize does not comply fully with the minimum standards for the elimination of human trafficking and is not making significant efforts to do so; authorities did not initiate any new trafficking investigations of prosecutions, and cases from previous years remain pending; law enforcement efforts to use informal means to identify and refer victims were ineffective and draft procedures for referring victims to services are still not finalized; trafficking victims were more commonly arrested, detained, or deported based on immigration violations than provided with assistance; the government did not make progress in implementing the 2012-14 anti-trafficking national strategic plan (2015)",
}, 
"illicit_drugs": "major transshipment point for cocaine; small-scale illicit producer of cannabis, primarily for local consumption; offshore sector money-laundering activity related to narcotics trafficking and other crimes",
}
}
