{
"name": "European Union",
"code": "EE",
"publish_date": "December 17, 2019",
"introduction": 
{
"preliminary_statement": "&lt;p&gt;The evolution of what is today the European Union (EU) from a regional economic agreement among six neighboring states in 1951 to today&#39;s hybrid intergovernmental and supranational organization of 28 countries across the European continent stands as an unprecedented phenomenon in the annals of history. Dynastic unions for territorial consolidation were long the norm in Europe; on a few occasions even country-level unions were arranged - the Polish-Lithuanian Commonwealth and the Austro-Hungarian Empire were examples. But for such a large number of nation-states to cede some of their sovereignty to an overarching entity is unique.&lt;/p&gt;&lt;p&gt;Although the EU is not a federation in the strict sense, it is far more than a free-trade association such as ASEAN, NAFTA, or Mercosur, and it has certain attributes associated with independent nations: its own flag, currency (for some members), and law-making abilities, as well as diplomatic representation and a common foreign and security policy in its dealings with external partners.&lt;/p&gt;&lt;p&gt;Thus, inclusion of basic intelligence on the EU has been deemed appropriate as a separate entity in The World Factbook. However, because of the EU&#39;s special status, this description is placed after the regular country entries.&lt;/p&gt;",
"background": "&lt;p&gt;Following the two devastating World Wars in the first half of the 20th century, a number of far-sighted European leaders in the late 1940s sought a response to the overwhelming desire for peace and reconciliation on the continent. In 1950, the French Foreign Minister Robert SCHUMAN proposed pooling the production of coal and steel in Western Europe and setting up an organization for that purpose that would bring France and the Federal Republic of Germany together and would be open to other countries as well. The following year, the European Coal and Steel Community (ECSC) was set up when six members - Belgium, France, West Germany, Italy, Luxembourg, and the Netherlands - signed the Treaty of Paris.&lt;/p&gt; &lt;p&gt;The ECSC was so successful that within a few years the decision was made to integrate other elements of the countries&#39; economies. In 1957, envisioning an &quot;ever closer union,&quot; the Treaties of Rome created the European Economic Community (EEC) and the European Atomic Energy Community (Euratom), and the six member states undertook to eliminate trade barriers among themselves by forming a common market. In 1967, the institutions of all three communities were formally merged into the European Community (EC), creating a single Commission, a single Council of Ministers, and the body known today as the European Parliament. Members of the European Parliament were initially selected by national parliaments, but in 1979 the first direct elections were undertaken and have been held every five years since.&lt;/p&gt; &lt;p&gt;In 1973, the first enlargement of the EC took place with the addition of Denmark, Ireland, and the UK. The 1980s saw further membership expansion with Greece joining in 1981 and Spain and Portugal in 1986. The 1992 Treaty of Maastricht laid the basis for further forms of cooperation in foreign and defense policy, in judicial and internal affairs, and in the creation of an economic and monetary union - including a common currency. This further integration created the European Union (EU), at the time standing alongside the EC. In 1995, Austria, Finland, and Sweden joined the EU/EC, raising the membership total to 15.&lt;/p&gt; &lt;p&gt;A new currency, the euro, was launched in world money markets on 1 January 1999; it became the unit of exchange for all EU member states except Denmark, Sweden, and the UK. In 2002, citizens of those 12 countries began using euro banknotes and coins. Ten new countries joined the EU in 2004 - Cyprus, the Czech Republic, Estonia, Hungary, Latvia, Lithuania, Malta, Poland, Slovakia, and Slovenia. Bulgaria and Romania joined in 2007 and Croatia in 2013, bringing the current membership to 28. (Seven of these new countries - Cyprus, Estonia, Latvia, Lithuania, Malta, Slovakia, and Slovenia - have now adopted the euro, bringing total euro-zone membership to 19.)&lt;/p&gt; &lt;p&gt;In an effort to ensure that the EU could function efficiently with an expanded membership, the Treaty of Nice (concluded in 2000; entered into force in 2003) set forth rules to streamline the size and procedures of EU institutions. An effort to establish a &quot;Constitution for Europe,&quot; growing out of a Convention held in 2002-2003, foundered when it was rejected in referenda in France and the Netherlands in 2005. A subsequent effort in 2007 incorporated many of the features of the rejected draft Constitutional Treaty while also making a number of substantive and symbolic changes. The new treaty, referred to as the Treaty of Lisbon, sought to amend existing treaties rather than replace them. The treaty was approved at the EU intergovernmental conference of the then 27 member states held in Lisbon in December 2007, after which the process of national ratifications began. In October 2009, an Irish referendum approved the Lisbon Treaty (overturning a previous rejection) and cleared the way for an ultimate unanimous endorsement. Poland and the Czech Republic ratified soon after. The Lisbon Treaty came into force on 1 December 2009 and the EU officially replaced and succeeded the EC. The Treaty&#39;s provisions are part of the basic consolidated versions of the Treaty on European Union (TEU) and the Treaty on the Functioning of the European Union (TFEU) now governing what remains a very specific integration project.&lt;/p&gt; &lt;p&gt;UK citizens on 23 June 2016 narrowly voted to leave the EU. The EU and UK have negotiated, but not ratified, a Withdrawal Agreement that if ratified would include a status quo transition period through December 2020, which could be extended if both sides agree.&lt;/p&gt;",
}, 
"geography": 
{
"location": "Europe between the North Atlantic Ocean in the west and Russia, Belarus, and Ukraine to the east",
"map_references": "Europe",
"area": "4,479,968 sq km",
"area_comparative": "less than one-half the size of the US",
"land_boundaries": 
{
"total": "13,271 km",
"border_countries": "Albania 212 km, Andorra 118 km, Belarus 1176 km, Bosnia and Herzegovina 956 km, Holy See 3 km, Liechtenstein 34 km, Macedonia 396 km, Moldova 683 km, Monaco 6 km, Montenegro 19 km, Norway 2375 km, Russia 2435 km, San Marino 37 km, Serbia 1353 km, Switzerland 1729 km, Turkey 415 km, Ukraine 1324 km",
}, 
"coastline": "65,992.9 km",
"climate": "cold temperate; potentially subarctic in the north to temperate; mild wet winters; hot dry summers in the south",
"terrain": "fairly flat along Baltic and Atlantic coasts; mountainous in the central and southern areas",
"elevation": 
{
"lowest_point": "&lt;span style=&quot;display: inline !important; float: none; background-color: #ffffff; color: #000000; font-family: Verdana,Arial,Helvetica,sans-serif; font-size: 18px; font-style: normal; font-variant: normal; font-weight: 400; letter-spacing: normal; orphans: 2; text-align: left; text-decoration: none; text-indent: 0px; text-transform: none; -webkit-text-stroke-width: 0px; white-space: normal; word-spacing: 0px;&quot;&gt;Zuidplaspolder, Netherlands -7 m&lt;/span&gt;",
"highest_point": "&lt;span style=&quot;display: inline !important; float: none; background-color: #ffffff; color: #000000; font-family: Verdana,Arial,Helvetica,sans-serif; font-size: 18px; font-style: normal; font-variant: normal; font-weight: 400; letter-spacing: normal; orphans: 2; text-align: left; text-decoration: none; text-indent: 0px; text-transform: none; -webkit-text-stroke-width: 0px; white-space: normal; word-spacing: 0px;&quot;&gt;Mont Blanc, France 4,810 m&lt;/span&gt;",
}, 
"natural_resources": "iron ore, natural gas, petroleum, coal, copper, lead, zinc, bauxite, uranium, potash, salt, hydropower, arable land, timber, fish",
"irrigated_land": "154,539.82 sq km (2011 est.)",
"population_distribution": "population distribution varies considerably from country to country, but tends to follow a pattern of coastal and river settlement, with urban agglomerations forming large hubs facilitating large scale housing, industry, and commerce; the area in and around the Netherlands, Belgium, and Luxembourg (known collectively as Benelux), is the most densely populated area in the EU",
"natural_hazards": "flooding along coasts; avalanches in mountainous area; earthquakes in the south; volcanic eruptions in Italy; periodic droughts in Spain; ice floes in the Baltic",
"environment_current_issues": "various forms of air, soil, and water pollution; see individual country entries",
"environment_international_agreements": 
{
"party_to": "Air Pollution, Air Pollution-Nitrogen Oxides, Air Pollution-Persistent Organic Pollutants, Air Pollution-Sulphur 94, Antarctic-Marine Living Resources, Biodiversity, Climate Change, Climate Change-Kyoto Protocol, Desertification, Hazardous Wastes, Law of the Sea, Ozone Layer Protection, Tropical Timber 83, Tropical Timber 94",
"signed_but_not_ratified": "Air Pollution-Volatile Organic Compounds",
}, 
}, 
"people_and_society": 
{
"population": "	517,111,329 (July 2018 est.)",
"languages": "Bulgarian, Croatian, Czech, Danish, Dutch, English, Estonian, Finnish, French, German, Greek, Hungarian, Irish, Italian, Latvian, Lithuanian, Maltese, Polish, Portuguese, Romanian, Slovak, Slovene, Spanish, Swedish (2012)",
"religions": "Roman Catholic 48%, Protestant 12%, Orthodox 8%, other Christian 4%, Muslim 2%, other 1% (includes Jewish, Sikh, Buddhist, Hindu), atheist 7%, non-believer/agnostic 16%, unspecified 2% (2012 est.)",
"age_structure": 
{
"0_14_years": "15.43% (male 40,905,648/female 38,860,151)",
"15_24_years": "10.62% (male 28,085,190/female 26,851,677)",
"25_54_years": "41.17% (male 107,404,085/female 105,480,809)",
"55_64_years": "13.14% (male 33,083,278/female 34,885,100)",
"65_years_and_over": "19.64% (male 43,673,572/female 57,881,819) (2018 est.)",
}, 
"median_age": 
{
"total": "43.2 years (2018 est.)",
"male": "41.8 years",
"female": "44.6 years",
}, 
"population_growth_rate": " 0.19% (2018 est.)",
"birth_rate": " 9.9 births/1,000 population (2018 est.)",
"death_rate": " 10.4 deaths/1,000 population (2018 est.)",
"net_migration_rate": " 2.4 migrant(s)/1,000 population (2018 est.)",
"population_distribution": "population distribution varies considerably from country to country, but tends to follow a pattern of coastal and river settlement, with urban agglomerations forming large hubs facilitating large scale housing, industry, and commerce; the area in and around the Netherlands, Belgium, and Luxembourg (known collectively as Benelux), is the most densely populated area in the EU",
"sex_ratio": 
{
"at_birth": "1.06 male(s)/female",
"0_14_years": "1.05 male(s)/female",
"15_24_years": "1.05 male(s)/female",
"25_54_years": "1.02 male(s)/female",
"55_64_years": "0.95 male(s)/female",
"65_years_and_over": "0.75 male(s)/female",
"total_population": "0.96 male(s)/female (2018 est.)",
}, 
"infant_mortality_rate": 
{
"total": "3.9 deaths/1,000 live births (2017 est.)",
"male": "4.2 deaths/1,000 live births",
"female": "3.5 deaths/1,000 live births",
}, 
"life_expectancy_at_birth": 
{
"total_population": "80.7 years (2018)",
"male": "77.9 years",
"female": "83.6 years",
}, 
"total_fertility_rate": " 1.62 children born/woman (2018 est.)",
"current_health_expenditure": "9.9% (2016)",
"hiv_aids_adult_prevalence_rate": " note - see individual entries of member states",
"hiv_aids_people_living_with_hiv_aids": " note - see individual entries of member states",
"hiv_aids_deaths": " note - see individual entries of member states",
"education_expenditures": "4.6% of GDP (2017)",
"unemployment_youth_ages_15_24": 
{
"total": "18.9%",
"male": "19.1%",
"female": "18.6% (2017 est.)",
}, 
}, 
"government": 
{
"union_name": 
{
"conventional_long_form": "European Union",
"abbreviation": "EU",
}, 
"political_structure": "a hybrid and unique intergovernmental and supranational organization",
"capital": 
{
"name": "Brussels (Belgium), Strasbourg (France), Luxembourg, Frankfurt (Germany); note - the European Council, a gathering of the EU heads of state and/or government, and the Council of the European Union, a ministerial-level body of ten formations, meet in Brussels, Belgium, except for Council meetings held in Luxembourg in April, June, and October; the European Parliament meets in Brussels and Strasbourg, France, and has administrative offices in Luxembourg; the Court of Justice of the European Union is located in Luxembourg; and the European Central Bank is located in Frankfurt, Germany",
"geographic_coordinates": "(Brussels) 50 50 N, 4 20 E",
"time_difference": "UTC+1 (6 hours ahead of Washington, DC, during Standard Time)",
"daylight_saving_time": "+1hr, begins last Sunday in March; ends last Sunday in October",
}, 
"member_states": "&lt;p&gt;28 countries: Austria, Belgium, Bulgaria, Croatia, Cyprus, Czechia, Denmark, Estonia, Finland, France, Germany, Greece, Hungary, Ireland, Italy, Latvia, Lithuania, Luxembourg, Malta, Netherlands, Poland, Portugal, Romania, Slovakia, Slovenia, Spain, Sweden, UK; note - candidate countries: Albania, Montenegro, North Macedonia, Serbia, Turkey&lt;/p&gt; &lt;p&gt;there are 25 overseas countries and territories (OCTs) (1 with Denmark [Greenland], 6 with France [French Polynesia; French Southern and Antarctic Lands; New Caledonia; Saint Barthelemy; Saint Pierre and Miquelon; Wallis and Futuna], 6 with the Netherlands [Aruba, Bonaire, Curacao, Saba, Sint Eustatius, Sint Maarten], and 12 with the UK [Anguilla; Bermuda; British Antarctic Territory; British Indian Ocean Territory; British Virgin Islands; Cayman Islands; Falkland Islands; Montserrat; Pitcairn Islands; Saint Helena, Ascension, and Tristan da Cunha; South Georgia and the South Sandwich Islands; Turks and Caicos Islands]), of which 22 have joined the Overseas Countries and Territories Association (OCTA); the 3 OCTs that are not part of OCTA (British Antarctic Territory, British Indian Ocean Territory, South Georgia and the South Sandwich Islands) do not have a permanent population&lt;/p&gt;",
"independence": "7 February 1992 (Maastricht Treaty signed establishing the European Union); 1 November 1993 (Maastricht Treaty entered into force)",
"national_holiday": "Europe Day (also known as Schuman Day), 9 May (1950); note - the day in 1950 that Robert SCHUMAN proposed the creation of what became the European Coal and Steel Community, the progenitor of today&#39;s European Union, with the aim of achieving a united Europe",
"constitution": 
{
"history": "none; note - the EU legal order relies primarily on two consolidated texts encompassing all provisions as amended from a series of past treaties: the Treaty on European Union (TEU), as modified by the 2009 Lisbon Treaty states in Article 1 that &quot;the HIGH CONTRACTING PARTIES establish among themselves a EUROPEAN UNION ... on which the Member States confer competences to attain objectives they have in common&quot;; Article 1 of the TEU states further that the EU is &quot;founded on the present Treaty and on the Treaty on the Functioning of the European Union (hereinafter referred to as &#39;the Treaties&#39;),&quot; both possessing the same legal value; Article 6 of the TEU provides that a separately adopted Charter of Fundamental Rights of the European Union &quot;shall have the same legal value as the Treaties&quot;",
"amendments": "European Union treaties can be amended in several ways: 1) Ordinary Revision Procedure (for key amendments to the treaties); initiated by an EU country&amp;rsquo;s government, by the European Parliament, or by the European Commission; following adoption of the proposal by the European Council, a convention is formed of national government representatives to review the proposal and subsequently a conference of government representatives also reviews the proposal; passage requires ratification by all EU countries; 2) Simplified Revision Procedure (for amendment of EU internal policies and actions); passage of a proposal requires unanimous European Council vote following European Council consultation with the European Commission, the European Parliament, and the European Central Bank (if the amendment concerns monetary matters) and requires ratification by all EU countries; 3) Passerelle Clause (allows the alteration of a legislative procedure without a formal amendment of the treaties); 4) Flexibility Clause (permits the EU to decide in subject areas where EU competences have not been explicitly granted in the Treaties but are necessary to the attainment of the objectives set out in the Treaty); note - the Treaty of Lisbon (signed in December 2007 and effective in December 2009) amended the two treaties that formed the EU - the Maastricht Treaty (1993) and the Treaty of Rome (1958), known in updated form as the Treaty on the Functioning of the European Union (2019)",
}, 
"legal_system": "unique supranational law system in which, according to an interpretive declaration of member-state governments appended to the Treaty of Lisbon, &quot;the Treaties and the law adopted by the Union on the basis of the Treaties have primacy over the law of Member States&quot; under conditions laid down in the case law of the Court of Justice; key principles of EU law include fundamental rights as guaranteed by the Charter of Fundamental Rights and as resulting from constitutional traditions common to the EU&#39;s 28-member states; EU law is divided into &#39;primary&#39; and &#39;secondary&#39; legislation; primary legislation is derived from the consolidated versions of the Treaty on European Union and the Treaty on the Functioning of the European Union and are the basis for all EU action; secondary legislation - which includes directives, regulations, and decisions - is derived from the principles and objectives set out in the treaties",
"suffrage": "18 years of age (16 years in Austria); universal; voting for the European Parliament is permitted in each member state",
"executive_branch": "&lt;p&gt;under the EU treaties there are three distinct institutions, each of which conducts functions that may be regarded as executive in nature:&lt;br /&gt;&lt;em&gt;European Council &lt;/em&gt;- brings together heads of state and government, along with the president of the European Commission, and meets at least four times a year; its aim is to provide the impetus for the development of the Union and to issue general policy guidelines; the Treaty of Lisbon established the position of &quot;permanent&quot; (full-time) president of the European Council; leaders of the EU member states appoint the president for a 2 1/2 year term, renewable once; the president&#39;s responsibilities include chairing the EU summits and providing policy and organizational continuity; the current president is Donald TUSK (Poland), since 1 December 2014, succeeding Herman VAN ROMPUY (Belgian; 2009-14)&lt;br /&gt;&lt;em&gt;Council of the European Commission&lt;/em&gt; - consists of ministers of each EU member state and meets regularly in 10 different configurations depending on the subject matter; it conducts policymaking and coordinating functions as well as legislative functions; ministers of EU member states chair meetings of the Council of the EU based on a 6-month rotating presidency except for the meetings of EU Foreign Ministers in the Foreign Affairs Council that are chaired by the High Representative for Foreign Affairs and Security Policy&lt;br /&gt;&lt;em&gt;European Commission&lt;/em&gt; - headed by a College of Commissioners comprised of 28 members (one from each member country) including the president; each commissioner is responsible for one or more policy areas; the Commission&#39;s main responsibilities include the sole right to initiate EU legislation (except for foreign and security/defense policy), promoting the general interest of the EU, acting as &quot;guardian of the Treaties&quot; by monitoring the application of EU law, implementing/executing the EU budget, managing programs, negotiating on the EU&#39;s behalf in core policy areas such as trade, and ensuring the Union&#39;s external representation in some policy areas; its current president is Jean-Claude JUNCKER (Luxembourg) elected on 15 July 2014 (took office on 1 November 2014); the president of the European Commission is nominated by the European Council and formally &quot;elected&quot; by the European Parliament; the Commission president allocates specific responsibilities among the members of the College (appointed by common accord of the member state governments in consultation with the president-elect); the European Parliament confirms the entire Commission for a 5-year term; President JUNCKER reorganized the structure of the College around clusters or project teams coordinated by 7 vice presidents in line with the current Commission&#39;s main political priorities and appointed Frans TIMMERMANS (Netherlands) to act as his first vice president; the confirmation process for the next Commission expected be held in the fall of 2019&lt;br /&gt;&lt;br /&gt;&lt;br /&gt;&lt;/p&gt;",
"legislative_branch": 
{
"description": "two legislative bodies consisting of the Council of the European Union (28 seats; ministers representing the 28 member states) and the European Parliament (751 seats; seats allocated among member states roughly in proportion to population size; members elected by proportional representation to serve 5-year terms); note - the European Parliament President, Antonio TAJANI (Italian center-right), was elected in January 2017 by a majority of fellow members of the European Parliament (MEPs) and represents the Parliament within the EU and internationally; the Council of the EU and the MEPs share responsibilities for adopting the bulk of EU legislation, normally acting in co-decision on Commission proposals (but not in the area of Common Foreign and Security Policy, which is governed by consensus of the EU member state governments)",
"elections": "last held on 23-26 May 2019 (next to be held May 2024)",
"election_results": "percent of vote - NA; seats by party - EPP 179, S&amp;amp;D 153, ALDE 106, Greens/EFA 74, ECR 64, ENF 58, EFD 54, GUE-NGL 38, non-inscripts 9, other/new parties 16&amp;nbsp;&lt;br /&gt;&lt;br /&gt;&lt;br /&gt;&lt;br /&gt;",
}, 
"judicial_branch": 
{
"highest_courts": "&lt;span style=&quot;display: inline !important; float: none; background-color: transparent; color: #000000; font-family: Verdana,Arial,Helvetica,sans-serif; font-size: 18px; font-style: normal; font-variant: normal; font-weight: 400; letter-spacing: normal; orphans: 2; text-align: left; text-decoration: none; text-indent: 0px; text-transform: none; -webkit-text-stroke-width: 0px; white-space: normal; word-spacing: 0px;&quot;&gt;Court of Justice of the European Union, which includes&amp;nbsp;the Court of Justice (informally known as the European Court of Justice or ECJ) and the General Court (consists of 28 judges, one drawn from each member state; the ECJ includes 11 Advocates General while the General Court can include additional judges; both the ECJ and the General Court may sit in a &quot;Grand Chamber&quot; of 15 judges in special cases but usually in chambers of 3 to 5 judges&lt;/span&gt;",
"judge_selection_and_term_of_office": "judges appointed by the common consent of the member states to serve 6-year renewable terms",
}, 
"political_parties_and_leaders": "Alliance of Liberals and Democrats for Europe or ALDE [Guy VERHOFSTADT]&lt;br /&gt;European United Left-Nordic Green Left or GUE/NGL [Gabriele ZIMMER]&lt;br /&gt;Europe of Freedom and Direct Democracy or EFDD [Nigel FARAGE]&lt;br /&gt;Europe of Nations and Freedom or ENF or ENL [Nicolas BAY and Marcel DE GRAAFF]&lt;br /&gt;European Conservatives and Reformists or ECR [Syed KAMALL and Ryszard LEGUTKO]&lt;br /&gt;European Greens/European Free Alliance or Greens/EFA [Ska KELLER, Philippe LAMBERTS]&lt;br /&gt;European People&#39;s Party or EPP [Manfred WEBER]&lt;br /&gt;Progressive Alliance of Socialists and Democrats or S&amp;amp;D [Udo BULLMANN]",
"international_organization_participation": "ARF, ASEAN (dialogue member), Australian Group, BIS, BSEC (observer), CBSS, CERN, EBRD, FAO, FATF, G-8, G-10, G-20, IDA, IEA, IGAD (partners), LAIA (observer), NSG (observer), OAS (observer), OECD, PIF (partner), SAARC (observer), SICA (observer), UN (observer), UNRWA (observer), WCO, WTO, ZC (observer)",
"diplomatic_representation_in_the_us": 
{
"chief_of_mission": "Ambassador David O&#39;SULLIVAN (since 18 November 2014)",
"chancery": "2175 K Street, NW, Suite 800, Washington, DC 20037",
"telephone": "[1] (202) 862-9500",
"fax": "[1] (202) 429-1766",
}, 
"diplomatic_representation_from_the_us": 
{
"chief_of_mission": "Ambassador Gordon SONDLAND (since 9 July 2018)",
"telephone": "[32] (2) 811-4100",
"embassy": "13 Zinnerstraat/Rue Zinner, B-1000 Brussels",
"mailing_address": "use embassy street address",
"fax": "[32] (2) 811-5154",
}, 
"flag_description": "a blue field with 12 five-pointed gold stars arranged in a circle in the center; blue represents the sky of the Western world, the stars are the peoples of Europe in a circle, a symbol of unity; the number of stars is fixed",
"national_symbol_s": "a circle of 12, five-pointed, golden yellow stars on a blue field; union colors: blue, yellow",
"national_anthem": 
{
"name": "Ode to Joy",
"lyrics_music": "no lyrics/Ludwig VAN BEETHOVEN, arranged by Herbert VON KARAJAN",
}, 
}, 
"economy": 
{
"economy_overview": "&lt;p&gt;The 28 member states that make up the EU have adopted an internal single market with free movement of goods, services, capital, and labor. The EU, which is also a customs union, aims to bolster Europe&#39;s trade position and its political and economic weight in international affairs.&lt;/p&gt;&lt;p&gt;&lt;/p&gt;&lt;p&gt;Despite great differences in per capita income among member states (from $28,000 to $109,000) and in national attitudes toward issues like inflation, debt, and foreign trade, the EU has achieved a high degree of coordination of monetary and fiscal policies. A common currency – the euro – circulates among 19 of the member states that make up the European Economic and Monetary Union (EMU). Eleven member states introduced the euro as their common currency on 1 January 1999 (Greece did so two years later). Since 2004, 13 states acceded to the EU. Of the 13, Slovenia (2007), Cyprus and Malta (2008), Slovakia (2009), Estonia (2011), Latvia (2014), and Lithuania (2015) have adopted the euro; 7 other member states - excluding the UK and Denmark, which have formal opt-outs - are required by EU treaties to adopt the common currency upon meeting fiscal and monetary convergence criteria.&lt;/p&gt;&lt;p&gt;&lt;/p&gt;&lt;p&gt;The EU economy posted moderate GDP growth for 2014 through 2017, capping five years of sustained growth since the 2008-09 global economic crisis and the ensuing sovereign debt crisis in the euro zone in 2011. However, the bloc’s recovery has been uneven. Some EU member states (Czechia, Ireland, Malta, Romania, Sweden, and Spain) have recorded strong growth, others (Italy and the UK) are experiencing modest expansion and some (Greece) have only recently shaken off recession. Only Greece remains under an EU rescue program (due to end in August 2018), while Cyprus, Ireland, Portugal, and Spain have successfully concluded their agreements. Overall, the EU’s recovery has been buoyed by lower commodities prices and accommodative monetary policy, which has lowered interest rates and stimulated demand. The euro zone, which makes up about 70% of the total EU economy, is also performing well, achieving a growth rate not seen in a decade. In October 2017 the European Central Bank (ECB) announced it would extend its bond-buying program through September 2018, and possibly beyond that date, to keep the euro zone recovery on track. The ECB’s efforts to spur more lending and investment through its asset-buying program, negative interest rates, and long-term loan refinancing programs have not yet raised inflation in line with the ECB’s statutory target of just under 2%.&lt;/p&gt;&lt;p&gt;&lt;/p&gt;&lt;p&gt;Despite its performance, high unemployment in some member states, high levels of public and private debt, muted productivity, an incomplete single market in services, and an aging population remain sources of potential drag on the EU’s future growth. Moreover, the EU economy remains vulnerable to a slowdown of global trade and bouts of political and financial turmoil. In June 2016, the UK voted to withdraw from the EU, the first member country ever to attempt to secede. Continued uncertainty about the implications of the UK’s exit from the EU (set for March 2019) could hurt consumer and investor confidence and dampen EU growth, particularly if trade and cross-border investment significantly declines. Political disagreements between EU member states on reforms to fiscal and economic policy also may impair the EU’s ability to bolster its crisis-prevention and resolution mechanisms. International investors’ fears of a broad dissolution of the single currency area have largely dissipated, but these concerns could resurface if elected leaders implement policies that contravene euro-zone budget or banking rules. State interventions in ailing banks, including rescue of banks in Italy and resolution of banks in Spain, have eased financial vulnerabilities in the European banking sector even though some banks are struggling with low profitability and a large stock of bad loans, fragilities that could precipitate localized crises. Externally, the EU has continued to pursue comprehensive free trade agreements to expand EU external market share, particularly with Asian countries; EU and Japanese leaders reached a political-level agreement on a free trade agreement in July 2017, and agreement with Mexico in April 2018 on updates to an existing free trade agreement.&lt;/p&gt;",
"gdp_purchasing_power_parity":
{
"2017": "$20.85 trillion",
"2016": "$20.38 trillion",
"2015": "$19.98 trillion",
},
"gdp_official_exchange_rate": "$17.11 trillion (2017 est.)",
"gdp_real_growth_rate":
{
"2017": "2.3%",
"2016": "2%",
"2015": "2.3%",
},
"gdp_per_capita_ppp":
{
"2017": "$40,900",
"2016": "$39,400",
"2015": "$38,200",
},
"gross_national_saving":
{
"2017": "22.7% of GDP",
"2016": "22.2% of GDP",
"2015": "22% of GDP",
},
"gdp_composition_by_end_use": 
{
"household_consumption": "54.4% (2016 est.)",
"government_consumption": "20.4% (2016 est.)",
"investment_in_fixed_capital": "19.8% (2016 est.)",
"investment_in_inventories": "0.4% (2016 est.)",
"exports_of_goods_and_services": "43.9% (2016 est.)",
"imports_of_goods_and_services": "-40.5% (2016 est.)",
}, 
"gdp_composition_by_sector_of_origin": 
{
"agriculture": "1.6% (2017 est.)",
"industry": "25.1% (2017 est.)",
"services": "70.9% (2017 est.)",
}, 
"agriculture_products": "wheat, barley, oilseeds, sugar beets, wine, grapes; dairy products, cattle, sheep, pigs, poultry; fish",
"industries": "among the world&#39;s largest and most technologically advanced regions, the EU industrial base includes: ferrous and non-ferrous metal production and processing, metal products, petroleum, coal, cement, chemicals, pharmaceuticals, aerospace, rail transportation equipment, passenger and commercial vehicles, construction equipment, industrial equipment, shipbuilding, electrical power equipment, machine tools and automated manufacturing systems, electronics and telecommunications equipment, fishing, food and beverages, furniture, paper, textiles",
"industrial_production_growth_rate": "3.5% (2017 est.)",
"labor_force": "238.9 million (2016 est.)",
"labor_force_by_occupation": 
{
"agriculture": "5%",
"industry": "21.9%",
"services": "73.1% (2014 est.)",
}, 
"unemployment_rate":
{
"2016": "8.6%",
"2015": "9.4%",
},
"population_below_poverty_line": "9.8% (2013 est.)",
"household_income_or_consumption_by_percentage_share": 
{
"lowest_10": "2.8%",
"highest_10": "23.8% (2016 est.)",
}, 
"distribution_of_family_income_gini_index":
{
"2016": "30.8",
"2015": "31",
},
"taxes_and_other_revenues": "45.2% (of GDP) (2014)",
"budget_surplus_or_deficit": "-3% (of GDP) (2014)",
"public_debt":
{
"2014": "86.8% of GDP",
"2013": "85.5% of GDP",
},
"fiscal_year": "NA",
"inflation_rate_consumer_prices":
{
"2017": "1.5%",
"2016": "1.1%",
},
"central_bank_discount_rate":
{
"31 December 2017": "0%",
"31 December 2016": "0%",
},
"commercial_bank_prime_lending_rate":
{
"31 December 2017": "0.25%",
"31 December 2016": "0.25%",
},
"stock_of_narrow_money":
{
"31 December 2017": "$8.775 trillion",
"31 December 2016": "$13.13 trillion",
},
"stock_of_broad_money":
{
"31 December 2017": "$8.138 trillion",
"31 December 2016": "$12.62 trillion",
},
"stock_of_domestic_credit":
{
"31 December 2016": "$22.74 trillion",
"31 December 2015": "$22.92 trillion",
},
"market_value_of_publicly_traded_shares":
{
"31 December 2014": "$7.185 trillion",
"31 December 2013": "$7.932 trillion",
"31 December 2012": "$10.4 trillion",
},
"current_account_balance":
{
"2017": "$404.9 billion",
"2016": "$359.7 billion",
},
"exports":
{
"2016": "$1.929 trillion",
"2015": "$1.985 trillion",
},
"exports_partners": "United States 20.7%, China 9.6%, Switzerland 8.1%, Turkey 4.4%, Russia 4.1% (2016 est.)",
"exports_commodities": "machinery, motor vehicles, pharmaceuticals and other chemicals, fuels, aircraft, plastics, iron and steel, wood pulp and paper products, alcoholic beverages, furniture",
"imports":
{
"2016": "$1.895 trillion",
"2015": "$1.92 trillion",
},
"imports_commodities": "fuels and crude oil, machinery, vehicles, pharmaceuticals and other chemicals, precious gemstones, textiles, aircraft, plastics, metals, ships",
"imports_partners": "China 20.1%, United States 14.5%, Switzerland 7.1%, Russia 6.3% (2016 est.)",
"reserves_of_foreign_exchange_and_gold":
{
"31 December 2014": "$740.9 billion",
"31 December 2013": "$746.9 billion",
},
"debt_external":
{
"31 December 2016": "$29.27 trillion",
"31 December 2015": "$28.68 trillion",
},
"stock_of_direct_foreign_investment_at_home":
{
"31 December 2016": "$6.938 trillion",
"31 December 2015": "$6.482 trillion",
},
"stock_of_direct_foreign_investment_abroad":
{
"31 December 2016": "$8.411 trillion",
"31 December 2015": "$7.649 trillion",
},
"exchange_rates": 
{
"currency": "euros per US dollar -",
"exchange_rates":
{
"2017": "0.885",
"2016": "0.903",
"2015": "0.9214",
"2014": "0.885",
"2013": "0.7634",
},
}, 
}, 
"energy": 
{
"electricity_production": "3.043 trillion kWh (2015 est.)",
"electricity_consumption": "2.845 trillion kWh (2015 est.)",
"electricity_exports": "390 billion kWh (2015 est.)",
"electricity_imports": "397 billion kWh (2015 est.)",
"electricity_installed_generating_capacity": "975 million kW (2015 est.)",
"electricity_from_fossil_fuels": "44% of total installed capacity (2015 est.)",
"electricity_from_nuclear_fuels": "12% of total installed capacity (2015 est.)",
"electricity_from_hydroelectric_plants": "11% of total installed capacity (2015 est.)",
"electricity_from_other_renewable_sources": "44% of total installed capacity (2015 est.)",
"crude_oil_production": "1.488 million bbl/day (2016 est.)",
"crude_oil_proved_reserves": "5.1 billion bbl (2016 est.)",
"refined_petroleum_products_production": "11.66 million bbl/day (2016 est.)",
"refined_petroleum_products_consumption": "12.89 million bbl/day (2015 est.)",
"refined_petroleum_products_exports": "2.196 million bbl/day (2017 est.)",
"refined_petroleum_products_imports": "8.613 million bbl/day (2017 est.)",
"natural_gas_production": "118.2 billion cu m (2016 est.)",
"natural_gas_consumption": "428.8 billion cu m (2016 est.)",
"natural_gas_exports": "93.75 billion cu m (2010 est.)",
"natural_gas_imports": "420.6 billion cu m (2010 est.)",
"natural_gas_proved_reserves": "1.3 trillion cu m (1 January 2017 est.)",
"carbon_dioxide_emissions_from_consumption_of_energy": "3.475 billion Mt (2015 est.)",
}, 
"communications": 
{
"telephones_fixed_lines": 
{
"total_subscriptions": " 210,621,546",
"subscriptions_per_100_inhabitants": " 4 (2017 est.)",
}, 
"telephones_mobile_cellular": 
{
"total_subscriptions": " 625,000,799",
"subscriptions_per_100_inhabitants": " 121 (2017 est.)",
}, 
"telephone_system": "note - see individual country entries of member states", 
"internet_country_code": ".eu; note - see country entries of member states for individual country codes",
"internet_users": 
{
"total": " 398,100,000 (2018 est.)",
"percent_of_population": " 77%",
}, 
"broadband_fixed_subscriptions": 
{
"total": " 174,634,171",
"subscriptions_per_100_inhabitants": " 3 (2017)",
}, 
}, 
"military_and_security": 
{
"military_expenditures":
{
"2018": "1.5% of GDP",
"2017": "1.49% of GDP",
"2016": "1.48% of GDP",
"2015": "1.48% of GDP",
"2014": "1.5% of GDP",
},
"military_note": "the current five-nation Eurocorps, formally established in 1992 and activated the following year, began in 1987 as a French-German Brigade; Belgium (1993), Spain (1994), and Luxembourg (1996) joined over the next few years; five additional countries participate in Eurocorps as associated nations: Greece, Poland, and Turkey (since 2002), Italy and Romania (joined in 2009 and 2016 respectively); Eurocorps consists of approximately 1,000 troops at its headquarters in Strasbourg, France and the 5,000-man Franco-German Brigade; Eurocorps has deployed troops and police on NATO peacekeeping missions to Bosnia-Herzegovina (1998-2000), Kosovo (2000), and Afghanistan (2004-05 and 2012); Eurocorps has been involved in EU operations to Mali (2015) and the Central African Republic (2016-17) (2018)",
}, 
"transportation": 
{
"airports": "3 (2013)",
"airports_with_paved_runways": 
{
"total": "1,882 (2017)",
"over_3_047_m": "120 (2017)",
"2_438_to_3_047_m": "341 (2017)",
"1_524_to_2_437_m": "507 (2017)",
"914_to_1_523_m": "425 (2017)",
"under_914_m": "489 (2017)",
}, 
"airports_with_unpaved_runways": 
{
"total": "1,244 (2013)",
"over_3_047_m": "1 (2013)",
"2_438_to_3_047_m": "1 (2013)",
"1_524_to_2_437_m": "15 (2013)",
"914_to_1_523_m": "245 (2013)",
"under_914_m": "982 (2013)",
}, 
"heliports": " 90 (2013)",
"railways": " 230,548 km (2013)",
"roadways": " 10,582,653 km (2013)",
"waterways": " 53,384 km (2013)",
"ports_and_terminals": "Antwerp (Belgium), Barcelona (Spain), Braila (Romania), Bremen (Germany), Burgas (Bulgaria), Constanta (Romania), Copenhagen (Denmark), Galati (Romania), Gdansk (Poland), Hamburg (Germany), Helsinki (Finland), Las Palmas (Canary Islands, Spain), Le Havre (France), Lisbon (Portugal), London (UK), Marseille (France), Naples (Italy), Peiraiefs or Piraeus (Greece), Riga (Latvia), Rotterdam (Netherlands), Split (Croatia), Stockholm (Sweden), Talinn (Estonia), Tulcea (Romania), Varna (Bulgaria)",
}, 
"transnational_issues": 
{
"disputes_international": "&lt;p&gt;as a political union, the EU has no border disputes with neighboring countries, but Estonia has no land boundary agreements with Russia, Slovenia disputes its land and maritime boundaries with Croatia, and Spain has territorial and maritime disputes with Morocco and with the UK over Gibraltar; the EU has set up a Schengen area - consisting of 22 EU member states that have signed the convention implementing the Schengen agreements or &quot;acquis&quot; (1985 and 1990) on the free movement of persons and the harmonization of border controls in Europe; these agreements became incorporated into EU law with the implementation of the 1997 Treaty of Amsterdam on 1 May 1999; in addition, non-EU states Iceland and Norway (as part of the Nordic Union) have been included in the Schengen area since 1996 (full members in 2001), Switzerland since 2008, and Liechtenstein since 2011 bringing the total current membership to 26; the UK (since 2000) and Ireland (since 2002) take part in only some aspects of the Schengen area, especially with respect to police and criminal matters; nine of the 13 new member states that joined the EU since 2004 joined Schengen on 21 December 2007; of the four remaining EU states, Romania, Bulgaria, and Croatia are obligated to eventually join, while Cyprus&#39; entry is held up by the ongoing Cyprus dispute&lt;/p&gt;",
}
}
