{
"name": "Falkland Islands (Islas Malvinas)",
"code": "FK",
"publish_date": "December 18, 2019",
"introduction": 
{
"background": "Although first sighted by an English navigator in 1592, the first landing (English) did not occur until almost a century later in 1690, and the first settlement (French) was not established until 1764. The colony was turned over to Spain two years later and the islands have since been the subject of a territorial dispute, first between Britain and Spain, then between Britain and Argentina. The UK asserted its claim to the islands by establishing a naval garrison there in 1833. Argentina invaded the islands on 2 April 1982. The British responded with an expeditionary force that landed seven weeks later and after fierce fighting forced an Argentine surrender on 14 June 1982. With hostilities ended and Argentine forces withdrawn, UK administration resumed. In response to renewed calls from Argentina for Britain to relinquish control of the islands, a referendum was held in March 2013, which resulted in 99.8% of the population voting to remain a part of the UK.",
}, 
"geography": 
{
"location": "Southern South America, islands in the South Atlantic Ocean, about 500 km east of southern Argentina",
"geographic_coordinates": "51 45 S, 59 00 W",
"map_references": "South America",
"area": 
{
"total": "12,173 sq km",
"land": "12,173 sq km",
"water": "0 sq km",
}, 
"area_comparative": "slightly smaller than Connecticut",
"land_boundaries": "0 km",
"coastline": "1,288 km",
"maritime_claims": 
{
"territorial_sea": "12 nm",
"continental_shelf": "200 nm",
"exclusive_fishing_zone": "200 nm",
}, 
"climate": "cold marine; strong westerly winds, cloudy, humid; rain occurs on more than half of days in year; average annual rainfall is 60 cm in Stanley; occasional snow all year, except in January and February, but typically does not accumulate",
"terrain": "rocky, hilly, mountainous with some boggy, undulating plains",
"elevation": 
{
"lowest_point": "Atlantic Ocean 0 m",
"highest_point": "Mount Usborne 705 m",
}, 
"natural_resources": "fish, squid, wildlife, calcified seaweed, sphagnum moss",
"land_use": 
{
"agricultural_land": "92.4% (2011 est.)",
"agricultural_land_arable_land": "0% (2011 est.)",
"agricultural_land_permanent_crops": "0% (2011 est.)",
"agricultural_land_permanent_pasture": "92.4% (2011 est.)",
"forest": "0% (2011 est.)",
"other": "7.6% (2011 est.)",
}, 
"irrigated_land": " NA",
"population_distribution": "a very small population, with most residents living in and around Stanley",
"natural_hazards": "strong winds persist throughout the year",
"environment_current_issues": "overfishing by unlicensed vessels is a problem; reindeer - introduced to the islands in 2001 from South Georgia - are part of a farming effort to produce specialty meat and diversify the islands&#39; economy; this is the only commercial reindeer herd in the world unaffected by the 1986 Chornobyl disaster; grazing threatens important habitats including tussac grass and its ecosystem with penguins and sea lions; soil erosion from fires",
"geography_note": "deeply indented coast provides good natural harbors; short growing season",
}, 
"people_and_society": 
{
"population": "3,198 (2016 est.)",
"nationality": 
{
"noun": "Falkland Islander(s)",
"adjective": "Falkland Island",
}, 
"ethnic_groups": "Falkland Islander 48.3%, British 23.1%, St. Helenian 7.5%, Chilean 4.6%, mixed 6%, other 8.5%, unspecified 2% (2016 est.)",
"languages": "English 89%, Spanish 7.7%, other 3.3% (2006 est.)",
"religions": "Christian 57.1%, other 1.6%, none 35.4%, unspecified 6% (2016 est.)",
"population_growth_rate": "0.01% (2014 est.)",
"birth_rate": "10.9 births/1,000 population (2012 est.)",
"death_rate": "4.9 deaths/1,000 population (2012 est.)",
"net_migration_rate": " NA",
"population_distribution": "a very small population, with most residents living in and around Stanley",
"urbanization": 
{
"urban_population": "78.1% of total population (2019)",
"rate_of_urbanization": "0.76% annual rate of change (2015-20 est.)",
}, 
"major_urban_areas_population": "2,000 STANLEY (capital) (2018)",
"sex_ratio": "1.12 male(s)/female (2016 est.)",
"infant_mortality_rate": 
{
"total": " NA (2018)",
"male": " NA",
"female": " NA",
}, 
"life_expectancy_at_birth": 
{
"total_population": " 77.9 (2017 est.)",
"male": " 75.6",
"female": " 79.6",
}, 
"total_fertility_rate": " NA",
"hiv_aids_adult_prevalence_rate": " NA",
"hiv_aids_people_living_with_hiv_aids": " NA",
"hiv_aids_deaths": " NA",
}, 
"government": 
{
"country_name": 
{
"conventional_long_form": "none",
"conventional_short_form": "Falkland Islands (Islas Malvinas)",
"etymology": "the archipelago takes its name from the Falkland Sound, the strait separating the two main islands; the channel itself was named after the Viscount of Falkland, who sponsored an expedition to the islands in 1690; the Spanish name for the archipelago derives from the French &quot;Iles Malouines,&quot; the name applied to the islands by French explorer Louis-Antoine de BOUGAINVILLE in 1764",
}, 
"dependency_status": "overseas territory of the UK; also claimed by Argentina",
"government_type": "parliamentary democracy (Legislative Assembly); self-governing overseas territory of the UK",
"capital": 
{
"name": "Stanley",
"geographic_coordinates": "51 42 S, 57 51 W",
"time_difference": "UTC-4 (1 hour ahead of Washington, DC, during Standard Time)",
}, 
"administrative_divisions": "none (overseas territory of the UK; also claimed by Argentina)",
"independence": "none (overseas territory of the UK; also claimed by Argentina)",
"national_holiday": "Liberation Day, 14 June (1982)",
"constitution": 
{
"history": "previous 1985; latest entered into force 1 January 2009 (The Falkland Islands Constitution Order 2008)",
"amendments": "NA",
}, 
"legal_system": "English common law and local statutes",
"citizenship": "see United Kingdom", 
"suffrage": "18 years of age; universal",
"executive_branch": 
{
"chief_of_state": "Queen ELIZABETH II (since 6 February 1952); represented by Governor Nigel PHILLIPS (since 12 September 2017)",
"head_of_government": "Chief Executive Barry ROWLAND (since 3 October 2016)",
"cabinet": "Executive Council elected by the Legislative Council",
"elections_appointments": "the monarchy is hereditary; governor appointed by the monarch; chief executive appointed by the governor",
}, 
"legislative_branch": 
{
"description": "unicameral Legislative Assembly, formerly the Legislative Council (10 seats; 8 members directly elected by majority vote and 2 appointed ex-officio members - the chief executive, appointed by the governor, and the financial secretary; members serve 4-year terms)",
"elections": "last held on 9 November 2017 (next to be held in November 2021)",
"election_results": "percent of vote - NA; seats - independent 8; composition -men 8, women 2, percent of women 20%",
}, 
"judicial_branch": 
{
"highest_courts": "Court of Appeal (consists of the court president, the chief justice as an ex officio, non-resident member, and 2 justices of appeal); Supreme Court (consists of the chief justice); note - appeals beyond the Court of Appeal are referred to the Judicial Committee of the Privy Council (in London)",
"judge_selection_and_term_of_office": "all justices appointed by the governor; tenure specified in each justice&#39;s instrument of appointment",
"subordinate_courts": "Magistrate&#39;s Court (senior magistrate presides over civil and criminal divisions); Court of Summary Jurisdiction",
}, 
"political_parties_and_leaders": "none; all independents",
"international_organization_participation": "UPU",
"diplomatic_representation_in_the_us": "none (overseas territory of the UK)", 
"diplomatic_representation_from_the_us": "none (overseas territory of the UK; also claimed by Argentina)", 
"flag_description": "blue with the flag of the UK in the upper hoist-side quadrant and the Falkland Island coat of arms centered on the outer half of the flag; the coat of arms contains a white ram (sheep raising was once the major economic activity) above the sailing ship Desire (whose crew discovered the islands) with a scroll at the bottom bearing the motto DESIRE THE RIGHT",
"national_symbol_s": "ram",
"national_anthem": 
{
"name": "Song of the Falklands&quot;",
"lyrics_music": "Christopher LANHAM",
}, 
}, 
"economy": 
{
"economy_overview": "&lt;p&gt;The economy was formerly based on agriculture, mainly sheep farming, but fishing and tourism currently comprise the bulk of economic activity. In 1987, the government began selling fishing licenses to foreign trawlers operating within the Falkland Islands&#39; exclusive fishing zone. These license fees net more than $40 million per year, which help support the island&#39;s health, education, and welfare system. The waters around the Falkland Islands are known for their squid, which account for around 75% of the annual 200,000-ton catch.&lt;/p&gt;&lt;p&gt;&lt;/p&gt;&lt;p&gt;Dairy farming supports domestic consumption; crops furnish winter fodder. Foreign exchange earnings come from shipments of high-grade wool to the UK and from the sale of postage stamps and coins.&lt;/p&gt;&lt;p&gt;&lt;/p&gt;&lt;p&gt;Tourism, especially ecotourism, is increasing rapidly, with about 69,000 visitors in 2009 and adds approximately $5.5 million to the Falkland’s annual GDP. The British military presence also provides a sizable economic boost. The islands are now self-financing except for defense.&lt;/p&gt;&lt;p&gt;&lt;/p&gt;&lt;p&gt;In 1993, the British Geological Survey announced a 200-mile oil exploration zone around the islands, and early seismic surveys suggest substantial reserves capable of producing 500,000 barrels per day. Political tensions between the UK and Argentina remain high following the start of oil drilling activities in the waters. In May 2010 the first commercial oil discovery was made, signaling the potential for the development of a long term hydrocarbon industry in the Falkland Islands.&lt;/p&gt;",
"gdp_purchasing_power_parity":
{
"2015": "$206.4 million",
"2014": "$164.5 million",
"2013": "$167.5 million",
},
"gdp_official_exchange_rate": "$206.4 million (2015 est.) (2015 est.)",
"gdp_real_growth_rate":
{
"2015": "25.5%",
"2014": "-1.8%",
"2013": "-20.4%",
},
"gdp_per_capita_ppp":
{
"2015": "$70,800",
"2014": "$63,000",
},
"gdp_composition_by_sector_of_origin": 
{
"agriculture": "41% (2015 est.)",
"industry": "20.6% NA (2015 est.)",
"services": "38.4% NA (2015 est.)",
}, 
"agriculture_products": "fodder and vegetable crops; venison, sheep, dairy products; fish, squid",
"industries": "fish and wool processing; tourism",
"industrial_production_growth_rate": " NA",
"labor_force": "1,850 (2016 est.)",
"labor_force_by_occupation": 
{
"agriculture": "41%",
"industry": "24.5%",
"services": "34.5% (2015 est.)",
}, 
"unemployment_rate":
{
"2016": "1%",
},
"population_below_poverty_line": " NA",
"household_income_or_consumption_by_percentage_share": 
{
"lowest_10": " NA",
"highest_10": " NA",
}, 
"distribution_of_family_income_gini_index":
{
"2015": "36",
},
"budget": 
{
"revenues": "67.1 million (FY09/10)",
"expenditures": "75.3 million (FY09/10)",
}, 
"taxes_and_other_revenues": "32.5% (of GDP) (FY09/10)",
"budget_surplus_or_deficit": "-4% (of GDP) (FY09/10)",
"public_debt":
{
"2015": "0% of GDP",
},
"fiscal_year": "1 April - 31 March",
"inflation_rate_consumer_prices":
{
"2014": "1.4%",
},
"exports":
{
"2015": "$257.3 million",
"2004": "$125 million",
},
"exports_partners": "Spain 74.4%, Namibia 10.4%, US 5% (2017)",
"exports_commodities": "wool, hides, meat, venison, fish, squid",
"imports":
{
"2004": "$90 million",
},
"imports_commodities": "fuel, food and drink, building materials, clothing",
"imports_partners": "UK 47.8%, Spain 28.4%, Greece 10.2%, Netherlands 5.7%, Cote dIvoire 4.3% (2017)",
"debt_external":
{
"2017": "$0",
"2016": "$0",
},
"stock_of_direct_foreign_investment_at_home":
{
"31 December 2009": "",
},
"exchange_rates": 
{
"currency": "Falkland pounds (FKP) per US dollar -",
"exchange_rates":
{
"2017": "0.7836",
"2016": "0.6542",
"2015": "0.6542",
"2014": "0.6542",
"2013": "0.6391",
},
}, 
}, 
"energy": 
{
"electricity_production": "19 million kWh (2016 est.)",
"electricity_consumption": "17.67 million kWh (2016 est.)",
"electricity_exports": "0 kWh (2016 est.)",
"electricity_imports": "0 kWh (2016 est.)",
"electricity_installed_generating_capacity": "12,100 kW (2016 est.)",
"electricity_from_fossil_fuels": "74% of total installed capacity (2016 est.)",
"electricity_from_nuclear_fuels": "0% of total installed capacity (2017 est.)",
"electricity_from_hydroelectric_plants": "0% of total installed capacity (2017 est.)",
"electricity_from_other_renewable_sources": "26% of total installed capacity (2017 est.)",
"crude_oil_production": "0 bbl/day (2018 est.)",
"crude_oil_exports": "0 bbl/day (2015 est.)",
"crude_oil_imports": "0 bbl/day (2015 est.)",
"crude_oil_proved_reserves": "0 bbl (1 January 2018 est.)",
"refined_petroleum_products_production": "0 bbl/day (2017 est.)",
"refined_petroleum_products_consumption": "290 bbl/day (2016 est.)",
"refined_petroleum_products_exports": "0 bbl/day (2015 est.)",
"refined_petroleum_products_imports": "286 bbl/day (2015 est.)",
"natural_gas_production": "0 cu m (2017 est.)",
"natural_gas_consumption": "0 cu m (2017 est.)",
"natural_gas_exports": "0 cu m (2017 est.)",
"natural_gas_imports": "0 cu m (2017 est.)",
"natural_gas_proved_reserves": "0 cu m (1 January 2014 est.)",
"carbon_dioxide_emissions_from_consumption_of_energy": "44,070 Mt (2017 est.)",
}, 
"communications": 
{
"telephones_fixed_lines": 
{
"total_subscriptions": "2,255",
"subscriptions_per_100_inhabitants": "77 (July 2016 est.)",
}, 
"telephones_mobile_cellular": 
{
"total_subscriptions": "4,674",
"subscriptions_per_100_inhabitants": "146 (July 2016 est.)",
}, 
"telephone_system": 
{
"general_assessment": "government-operated radiotelephone and private VHF/CB radiotelephone networks provide effective service to almost all points on both islands",
"domestic": "fixed-line subscriptions 77 per 100, 146 per 100 for mobile-cellular (2015)",
"international": "country code - 500; satellite earth station - 1 Intelsat (Atlantic Ocean) with links through London to other countries (2015)",
}, 
"broadcast_media": "TV service provided by a multi-channel service provider; radio services provided by the public broadcaster, Falkland Islands Radio Service, broadcasting on both AM and FM frequencies, and by the British Forces Broadcasting Service (BFBS) (2007)",
"internet_country_code": ".fk",
"internet_users": 
{
"total": "3,000",
"percent_of_population": "98.3% (July 2016 est.)",
}, 
"broadband_fixed_subscriptions": 
{
"total": "1,610",
"subscriptions_per_100_inhabitants": "50 (2017 est.)",
}, 
}, 
"military_and_security": 
{
"military_and_security_forces": "no regular military forces",
"military_note": "defense is the responsibility of the UK",
}, 
"transportation": 
{
"national_air_transport_system": 
{
"number_of_registered_air_carriers": "1 (2015)",
"inventory_of_registered_aircraft_operated_by_air_carriers": "5 (2015)",
}, 
"civil_aircraft_registration_country_code_prefix": "VP-F (2016)",
"airports": "7 (2013)",
"airports_with_paved_runways": 
{
"total": "2 (2019)",
"2_438_to_3_047_m": "1",
"914_to_1_523_m": "1",
}, 
"airports_with_unpaved_runways": 
{
"total": "5 (2013)",
"under_914_m": "5 (2013)",
}, 
"roadways": 
{
"total": "440 km (2008)",
"paved": "50 km (2008)",
"unpaved": "390 km (2008)",
}, 
"merchant_marine": 
{
"total": "3",
"by_type": "general cargo 1, other 2 (2018)",
}, 
"ports_and_terminals": "Stanley",
}, 
"transnational_issues": 
{
"disputes_international": "&lt;p&gt;Argentina, which claims the islands in its constitution and briefly occupied them by force in 1982, agreed in 1995 to no longer seek settlement by force; UK continues to reject Argentine requests for sovereignty talks&lt;/p&gt;",
}
}
