{
"name": "French Southern and Antarctic Lands",
"code": "FS",
"publish_date": "December 18, 2019",
"introduction": 
{
"background": "&lt;p&gt;In February 2007, the Iles Eparses became an integral part of the French Southern and Antarctic Lands (TAAF). The Southern Lands are now divided into five administrative districts, two of which are archipelagos, Iles Crozet and Iles Kerguelen; the third is a district composed of two volcanic islands, Ile Saint-Paul and Ile Amsterdam; the fourth, Iles Eparses, consists of five scattered tropical islands around Madagascar. They contain no permanent inhabitants and are visited only by researchers studying the native fauna, scientists at the various scientific stations, fishermen, and military personnel. The fifth district is the Antarctic portion, which consists of &quot;Adelie Land,&quot; a thin slice of the Antarctic continent discovered and claimed by the French in 1840.&lt;/p&gt;&lt;p&gt;&lt;strong&gt;Ile Amsterdam:&lt;/strong&gt; Discovered but not named in 1522 by the Spanish, the island subsequently received the appellation of Nieuw Amsterdam from a Dutchman; it was claimed by France in 1843. A short-lived attempt at cattle farming began in 1871. A French meteorological station established on the island in 1949 is still in use.; &lt;/p&gt;&lt;p&gt;&lt;strong&gt;Ile Saint Paul:&lt;/strong&gt; Claimed by France since 1893, the island was a fishing industry center from 1843 to 1914. In 1928, a spiny lobster cannery was established, but when the company went bankrupt in 1931, seven workers were abandoned. Only two survived until 1934 when rescue finally arrived.; &lt;/p&gt;&lt;p&gt;&lt;strong&gt;Iles Crozet:&lt;/strong&gt; A large archipelago formed from the Crozet Plateau, Iles Crozet is divided into two main groups: L&#39;Occidental (the West), which includes Ile aux Cochons, Ilots des Apotres, Ile des Pingouins, and the reefs Brisants de l&#39;Heroine; and L&#39;Oriental (the East), which includes Ile d&#39;Est and Ile de la Possession (the largest island of the Crozets). Discovered and claimed by France in 1772, the islands were used for seal hunting and as a base for whaling. Originally administered as a dependency of Madagascar, they became part of the TAAF in 1955.; &lt;/p&gt;&lt;p&gt;&lt;strong&gt;Iles Kerguelen:&lt;/strong&gt; This island group, discovered in 1772, consists of one large island (Ile Kerguelen) and about 300 smaller islands. A permanent group of 50 to 100 scientists resides at the main base at Port-aux-Francais.; &lt;/p&gt;&lt;p&gt;&lt;strong&gt;Adelie Land:&lt;/strong&gt; The only non-insular district of the TAAF is the Antarctic claim known as &quot;Adelie Land.&quot; The US Government does not recognize it as a French dependency.; &lt;/p&gt;&lt;p&gt;&lt;strong&gt;Bassas da India:&lt;/strong&gt; A French possession since 1897, this atoll is a volcanic rock surrounded by reefs and is awash at high tide.; &lt;/p&gt;&lt;p&gt;&lt;strong&gt;Europa Island:&lt;/strong&gt; This heavily wooded island has been a French possession since 1897; it is the site of a small military garrison that staffs a weather station.; &lt;/p&gt;&lt;p&gt;&lt;strong&gt;Glorioso Islands:&lt;/strong&gt; A French possession since 1892, the Glorioso Islands are composed of two lushly vegetated coral islands (Ile Glorieuse and Ile du Lys) and three rock islets. A military garrison operates a weather and radio station on Ile Glorieuse.; &lt;/p&gt;&lt;p&gt;&lt;strong&gt;Juan de Nova Island:&lt;/strong&gt; Named after a famous 15th-century Spanish navigator and explorer, the island has been a French possession since 1897. It has been exploited for its guano and phosphate. Presently a small military garrison oversees a meteorological station.; &lt;/p&gt;&lt;p&gt;&lt;strong&gt;Tromelin Island:&lt;/strong&gt; First explored by the French in 1776, the island came under the jurisdiction of Reunion in 1814. At present, it serves as a sea turtle sanctuary and is the site of an important meteorological station.&lt;/p&gt;",
}, 
"geography": 
{
"location": "southeast and east of Africa, islands in the southern Indian Ocean, some near Madagascar and others about equidistant between Africa, Antarctica, and Australia; note - French Southern and Antarctic Lands include Ile Amsterdam, Ile Saint-Paul, Iles Crozet, Iles Kerguelen, Bassas da India, Europa Island, Glorioso Islands, Juan de Nova Island, and Tromelin Island in the southern Indian Ocean, along with the French-claimed sector of Antarctica, &quot;Adelie Land&quot;; the US does not recognize the French claim to &quot;Adelie Land&quot;",
"geographic_coordinates": "&lt;p&gt;&lt;strong&gt;Ile Amsterdam (Ile Amsterdam et Ile Saint-Paul):&lt;/strong&gt; 37 50 S, 77 32 E; &lt;/p&gt;&lt;p&gt;&lt;strong&gt;Ile Saint-Paul (Ile Amsterdam et Ile Saint-Paul):&lt;/strong&gt; 38 72 S, 77 53 E; &lt;/p&gt;&lt;p&gt;&lt;strong&gt;Iles Crozet:&lt;/strong&gt; 46 25 S, 51 00 E; &lt;/p&gt;&lt;p&gt;&lt;strong&gt;Iles Kerguelen:&lt;/strong&gt; 49 15 S, 69 35 E; &lt;/p&gt;&lt;p&gt;&lt;strong&gt;Bassas da India (Iles Eparses):&lt;/strong&gt; 21 30 S, 39 50 E; &lt;/p&gt;&lt;p&gt;&lt;strong&gt;Europa Island (Iles Eparses):&lt;/strong&gt; 22 20 S, 40 22 E; &lt;/p&gt;&lt;p&gt;&lt;strong&gt;Glorioso Islands (Iles Eparses):&lt;/strong&gt; 11 30 S, 47 20 E; &lt;/p&gt;&lt;p&gt;&lt;strong&gt;Juan de Nova Island (Iles Eparses):&lt;/strong&gt; 17 03 S, 42 45 E; &lt;/p&gt;&lt;p&gt;&lt;strong&gt;Tromelin Island (Iles Eparses):&lt;/strong&gt; 15 52 S, 54 25 E&lt;/p&gt;",
"map_references": "Antarctic RegionAfrica",
"area": "&lt;strong&gt;Ile Amsterdam (Ile Amsterdam et Ile Saint-Paul): &lt;/strong&gt;total - 55 sq km; land - 55 sq km; water - 0 sq km&lt;br /&gt; &lt;strong&gt;Ile Saint-Paul (Ile Amsterdam et Ile Saint-Paul): &lt;/strong&gt;total - 7 sq km; land - 7 sq km; water - 0 sq km&lt;br /&gt; &lt;strong&gt;Iles Crozet: &lt;/strong&gt;total - 352 sq km; land - 352 sq km; water - 0 sq km&lt;br /&gt; &lt;strong&gt;Iles Kerguelen: &lt;/strong&gt;total - 7,215 sq km; land - 7,215 sq km; water - 0 sq km&lt;br /&gt; &lt;strong&gt;Bassas da India (Iles Eparses): &lt;/strong&gt;total - 80 sq km; land - 0.2 sq km; water - 79.8 sq km (lagoon)&lt;br /&gt; &lt;strong&gt;Europa Island (Iles Eparses): &lt;/strong&gt;total - 28 sq km; land - 28 sq km; water - 0 sq km&lt;br /&gt; &lt;strong&gt;Glorioso Islands (Iles Eparses): &lt;/strong&gt;total - 5 sq km; land - 5 sq km; water - 0 sq km&lt;br /&gt; &lt;strong&gt;Juan de Nova Island (Iles Eparses): &lt;/strong&gt;total - 4.4 sq km; land - 4.4 sq km; water - 0 sq km&lt;br /&gt; &lt;strong&gt;Tromelin Island (Iles Eparses): &lt;/strong&gt;total - 1 sq km; land - 1 sq km; water - 0 sq km&lt;br /&gt; &lt;strong&gt;note: &lt;/strong&gt;excludes &quot;Adelie Land&quot; claim of about 500,000 sq km in Antarctica that is not recognized by the US", 
"area_comparative": "&lt;p&gt;&lt;strong&gt;Ile Amsterdam (Ile Amsterdam et Ile Saint-Paul):&lt;/strong&gt; less than one-half the size of Washington, DC; &lt;/p&gt;&lt;p&gt;&lt;strong&gt;Ile Saint-Paul (Ile Amsterdam et Ile Saint-Paul):&lt;/strong&gt; more than 10 times the size of the National Mall in Washington, DC; &lt;/p&gt;&lt;p&gt;&lt;strong&gt;Iles Crozet:&lt;/strong&gt; about twice the size of Washington, DC; &lt;/p&gt;&lt;p&gt;&lt;strong&gt;Iles Kerguelen:&lt;/strong&gt; slightly larger than Delaware; &lt;/p&gt;&lt;p&gt;&lt;strong&gt;Bassas da India (Iles Eparses):&lt;/strong&gt; land area about one-third the size of the National Mall in Washington, DC; &lt;/p&gt;&lt;p&gt;&lt;strong&gt;Europa Island (Iles Eparses):&lt;/strong&gt; about one-sixth the size of Washington, DC; &lt;/p&gt;&lt;p&gt;&lt;strong&gt;Glorioso Islands (Iles Eparses):&lt;/strong&gt; about eight times the size of the National Mall in Washington, DC; &lt;/p&gt;&lt;p&gt;&lt;strong&gt;Juan de Nova Island (Iles Eparses):&lt;/strong&gt; about seven times the size of the National Mall in Washington, DC; &lt;/p&gt;&lt;p&gt;&lt;strong&gt;Tromelin Island (Iles Eparses):&lt;/strong&gt; about 1.7 times the size of the National Mall in Washington, DC&lt;/p&gt;",
"land_boundaries": "0 km",
"coastline": "&lt;strong&gt;Ile Amsterdam (Ile Amsterdam et Ile Saint-Paul): &lt;/strong&gt;28 km&lt;br /&gt; &lt;strong&gt;Ile Saint-Paul (Ile Amsterdam et Ile Saint-Paul): &lt;/strong&gt;&lt;br /&gt; &lt;strong&gt;Iles Kerguelen: &lt;/strong&gt;2,800 km&lt;br /&gt; &lt;strong&gt;Bassas da India (Iles Eparses): &lt;/strong&gt;35.2 km&lt;br /&gt; &lt;strong&gt;Europa Island (Iles Eparses): &lt;/strong&gt;22.2 km&lt;br /&gt; &lt;strong&gt;Glorioso Islands (Iles Eparses): &lt;/strong&gt;35.2 km&lt;br /&gt; &lt;strong&gt;Juan de Nova Island (Iles Eparses): &lt;/strong&gt;24.1 km&lt;br /&gt; &lt;strong&gt;Tromelin Island (Iles Eparses): &lt;/strong&gt;3.7 km", 
"maritime_claims": 
{
"territorial_sea": "12 nm",
"exclusive_economic_zone": "200 nm from Iles Kerguelen and Iles Eparses (does not include the rest of French Southern and Antarctic Lands); Juan de Nova Island and Tromelin Island claim a continental shelf of 200-m depth or to the depth of exploitation",
}, 
"climate": "&lt;p&gt;&lt;strong&gt;Ile Amsterdam et Ile Saint-Paul:&lt;/strong&gt; oceanic with persistent westerly winds and high humidity; &lt;/p&gt;&lt;p&gt;&lt;strong&gt;Iles Crozet:&lt;/strong&gt; windy, cold, wet, and cloudy; &lt;/p&gt;&lt;p&gt;&lt;strong&gt;Iles Kerguelen:&lt;/strong&gt; oceanic, cold, overcast, windy; &lt;/p&gt;&lt;p&gt;&lt;strong&gt;Iles Eparses:&lt;/strong&gt; tropical&lt;/p&gt;",
"terrain": "&lt;p&gt;&lt;strong&gt;Ile Amsterdam (Ile Amsterdam et Ile Saint-Paul):&lt;/strong&gt; a volcanic island with steep coastal cliffs; the center floor of the volcano is a large plateau; &lt;/p&gt;&lt;p&gt;&lt;strong&gt;Ile Saint-Paul (Ile Amsterdam et Ile Saint-Paul):&lt;/strong&gt; triangular in shape, the island is the top of a volcano, rocky with steep cliffs on the eastern side; has active thermal springs; &lt;/p&gt;&lt;p&gt;&lt;strong&gt;Iles Crozet:&lt;/strong&gt; a large archipelago formed from the Crozet Plateau is divided into two groups of islands; &lt;/p&gt;&lt;p&gt;&lt;strong&gt;Iles Kerguelen:&lt;/strong&gt; the interior of the large island of Ile Kerguelen is composed of high mountains, hills, valleys, and plains with peninsulas stretching off its coasts; &lt;/p&gt;&lt;p&gt;&lt;strong&gt;Bassas da India (Iles Eparses):&lt;/strong&gt; atoll, awash at high tide; shallow (15 m) lagoon; &lt;/p&gt;&lt;p&gt;&lt;strong&gt;Europa Island, Glorioso Islands, Juan de Nova Island:&lt;/strong&gt; low, flat, and sandy; &lt;/p&gt;&lt;p&gt;&lt;strong&gt;Tromelin Island (Iles Eparses):&lt;/strong&gt; low, flat, sandy; likely volcanic seamount&lt;/p&gt;",
"elevation": 
{
"lowest_point": "Indian Ocean 0 m",
"highest_point": "&lt;span style=&quot;display: inline !important; float: none; background-color: #ffffff; color: #000000; font-family: Verdana,Arial,Helvetica,sans-serif; font-size: 18px; font-style: normal; font-variant: normal; font-weight: 400; letter-spacing: normal; orphans: 2; text-align: left; text-decoration: none; text-indent: 0px; text-transform: none; -webkit-text-stroke-width: 0px; white-space: normal; word-spacing: 0px;&quot;&gt;Mont de la Dives on Ile Amsterdam (Ile Amsterdam et Ile Saint-Paul) 867 m&lt;/span&gt;",
}, 
"natural_resources": "fish, crayfish, note, Glorioso Islands and Tromelin Island (Iles Eparses) have guano, phosphates, and coconuts",
"natural_hazards": "&lt;p&gt;Ile Amsterdam and Ile Saint-Paul are inactive volcanoes; Iles Eparses subject to periodic cyclones; Bassas da India is a maritime hazard since it is under water for a period of three hours prior to and following the high tide and surrounded by reefs&lt;/p&gt;&lt;p&gt;&lt;strong&gt;volcanism:&lt;/strong&gt; Reunion Island - Piton de la Fournaise (2,632 m), which has erupted many times in recent years including 2010, 2015, and 2017, is one of the world&#39;s most active volcanoes; although rare, eruptions outside the volcano&#39;s caldera could threaten nearby cities&lt;/p&gt;",
"environment_current_issues": "introduction of foreign species on Iles Crozet has caused severe damage to the original ecosystem; overfishing of Patagonian toothfish around Iles Crozet and Iles Kerguelen",
"geography_note": "&lt;p&gt;islands&#39; component is widely scattered across remote locations in the southern Indian Ocean&lt;/p&gt;&lt;p&gt;&lt;strong&gt;Bassas da India (Iles Eparses):&lt;/strong&gt; atoll is a circular reef atop a long-extinct, submerged volcano; &lt;/p&gt;&lt;p&gt;&lt;strong&gt;Europa Island and Juan de Nova Island (Iles Eparses):&lt;/strong&gt; wildlife sanctuary for seabirds and sea turtles; &lt;/p&gt;&lt;p&gt;&lt;strong&gt;Glorioso Island (Iles Eparses):&lt;/strong&gt; islands and rocks are surrounded by an extensive reef system; &lt;/p&gt;&lt;p&gt;&lt;strong&gt;Tromelin Island (Iles Eparses):&lt;/strong&gt; climatologically important location for forecasting cyclones in the western Indian Ocean; wildlife sanctuary (seabirds, tortoises)&lt;/p&gt;",
}, 
"people_and_society": 
{
"population": " no indigenous inhabitants",
}, 
"government": 
{
"country_name": 
{
"conventional_long_form": "Territory of the French Southern and Antarctic Lands",
"conventional_short_form": "French Southern and Antarctic Lands",
"local_long_form": "Territoire des Terres Australes et Antarctiques Francaises",
"local_short_form": "Terres Australes et Antarctiques Francaises",
"abbreviation": "TAAF",
"etymology": "self-descriptive name specifying the territories&#39; affiliation and location in the Southern Hemisphere",
}, 
"dependency_status": "overseas territory of France since 1955",
"administrative_divisions": "none (overseas territory of France); there are no first-order administrative divisions as defined by the US Government, but there are 5 administrative districts named Iles Crozet, Iles Eparses, Iles Kerguelen, Ile Saint-Paul et Ile Amsterdam; the fifth district is the &quot;Adelie Land&quot; claim in Antarctica that is not recognized by the US",
"legal_system": "the laws of France, where applicable, apply",
"citizenship": "see France", 
"executive_branch": "President Emmanuel MACRON (since 14 May 2017), represented by Prefect Cecile POZZO DI BORGO (since 13 October 2014)",
"international_organization_participation": "UPU",
"diplomatic_representation_in_the_us": "none (overseas territory of France)", 
"diplomatic_representation_from_the_us": "none (overseas territory of France)", 
"flag_description": "the flag of France is used",
"national_anthem": "&lt;p&gt;&lt;strong&gt;note:&lt;/strong&gt; as a territory of France, &quot;La Marseillaise&quot; is official (see France)&lt;/p&gt;", 
}, 
"economy": 
{
"economy_overview": "Economic activity is limited to servicing meteorological and geophysical research stations, military bases, and French and other fishing fleets. The fish catches landed on Iles Kerguelen by foreign ships are exported to France and Reunion.",
}, 
"communications": 
{
"internet_country_code": ".tf",
"communications_note": "has one or more meteorological stations on each possession",
}, 
"military_and_security": 
{
"military_note": "defense is the responsibility of France",
}, 
"transportation": 
{
"airports": "4 (2013)",
"ports_and_terminals": "none; offshore anchorage only", 
}, 
"transnational_issues": 
{
"disputes_international": "&lt;p&gt;French claim to &quot;Adelie Land&quot; in Antarctica is not recognized by the US; &lt;/p&gt;&lt;p&gt;&lt;strong&gt;Bassas da India, Europa Island, Glorioso Islands, Juan de Nova Island (Iles Eparses):&lt;/strong&gt; ; claimed by Madagascar; the vegetated drying cays of Banc du Geyser, which were claimed by Madagascar in 1976, also fall within the EEZ claims of the Comoros and France (Glorioso Islands); ; &lt;/p&gt;&lt;p&gt;&lt;strong&gt;Tromelin Island (Iles Eparses):&lt;/strong&gt; ; claimed by Mauritius&lt;/p&gt;",
}
}
