{
"name": "Gibraltar",
"code": "GI",
"publish_date": "December 17, 2019",
"introduction": 
{
"background": "&lt;p&gt;Strategically important, Gibraltar was reluctantly ceded to Great Britain by Spain in the 1713 Treaty of Utrecht; the British garrison was formally declared a colony in 1830. In a referendum held in 1967, Gibraltarians voted overwhelmingly to remain a British dependency. The subsequent granting of autonomy in 1969 by the UK led Spain to close the border and sever all communication links. Between 1997 and 2002, the UK and Spain held a series of talks on establishing temporary joint sovereignty over Gibraltar. In response to these talks, the Gibraltar Government called a referendum in late 2002 in which the majority of citizens voted overwhelmingly against any sharing of sovereignty with Spain. Since late 2004, Spain, the UK, and Gibraltar have held tripartite talks with the aim of cooperatively resolving problems that affect the local population, and work continues on cooperation agreements in areas such as taxation and financial services; communications and maritime security; policy, legal and customs services; environmental protection; and education and visa services. A new noncolonial constitution came into force in 2007, and the European Court of First Instance recognized Gibraltar&#39;s right to regulate its own tax regime in December 2008. The UK retains responsibility for defense, foreign relations, internal security, and financial stability.&lt;/p&gt; &lt;p&gt;Spain and the UK continue to spar over the territory. Throughout 2009, a dispute over Gibraltar&#39;s claim to territorial waters extending out three miles gave rise to periodic non-violent maritime confrontations between Spanish and UK naval patrols and in 2013, the British reported a record number of entries by Spanish vessels into waters claimed by Gibraltar following a dispute over Gibraltar&#39;s creation of an artificial reef in those waters. Spain renewed its demands for an eventual return of Gibraltar to Spanish control after the UK&amp;rsquo;s June 2016 vote to leave the EU, but London has dismissed any connection between the vote and its continued sovereignty over Gibraltar. The EU has said that Gibraltar will be ouside the territorial scope of any future UK-EU trade deal and that separate agreements between the EU and UK regarding Gibraltar would require Spain&#39;s prior approval.&lt;/p&gt;",
}, 
"geography": 
{
"location": "Southwestern Europe, bordering the Strait of Gibraltar, which links the Mediterranean Sea and the North Atlantic Ocean, on the southern coast of Spain",
"geographic_coordinates": "36 08 N, 5 21 W",
"map_references": "Europe",
"area": 
{
"total": "6.5 sq km",
"land": "6.5 sq km",
"water": "0 sq km",
}, 
"area_comparative": "more than 10 times the size of The National Mall in Washington, D.C.",
"land_boundaries": 
{
"total": "1.2 km",
"border_countries": "Spain 1.2 km",
}, 
"coastline": "12 km",
"maritime_claims": "3 nm",
"climate": "Mediterranean with mild winters and warm summers",
"terrain": "a narrow coastal lowland borders the Rock of Gibraltar",
"elevation": 
{
"lowest_point": "Mediterranean Sea 0 m",
"highest_point": "Rock of Gibraltar 426 m",
}, 
"natural_resources": "none",
"land_use": 
{
"agricultural_land": "0% (2011 est.)",
"agricultural_land_arable_land": "0% (2011 est.)",
"agricultural_land_permanent_crops": "0% (2011 est.)",
"agricultural_land_permanent_pasture": "0% (2011 est.)",
"forest": "0% (2011 est.)",
"other": "100% (2011 est.)",
}, 
"irrigated_land": " NA",
"natural_hazards": "occasional droughts; no streams or large bodies of water on the peninsula (all potable water comes from desalination)",
"environment_current_issues": "limited natural freshwater resources: more than 90% of drinking water supplied by desalination, the remainder from stored rainwater; a separate supply of saltwater used for sanitary services",
"geography_note": "&lt;p&gt;&lt;strong&gt;note 1:&lt;/strong&gt; strategic location on Strait of Gibraltar that links the North Atlantic Ocean and Mediterranean Sea&lt;/p&gt; &lt;p&gt;&lt;strong&gt;note 2:&lt;/strong&gt; one of only two British territories where traffic drives on the right, the other being the island of Diego Garcia in the British Indian Ocean Territory&lt;/p&gt;"
}, 
"people_and_society": 
{
"population": "29,461 (July 2018 est.)",
"nationality": 
{
"noun": "Gibraltarian(s)",
"adjective": "Gibraltar",
}, 
"ethnic_groups": "Gibraltarian 79%, other British 13.2%, Spanish 2.1%, Moroccan 1.6%, other EU 2.4%, other 1.6% (2012 est.)",
"languages": "English (used in schools and for official purposes), Spanish, Italian, Portuguese",
"religions": "Roman Catholic 72.1%, Church of England 7.7%, other Christian 3.8%, Muslim 3.6%, Jewish 2.4%, Hindu 2%, other 1.1%, none 7.1%, unspecified 0.1% (2012 est.)",
"age_structure": 
{
"0_14_years": "20.29% (male 3,064 /female 2,915)",
"15_24_years": "13.76% (male 2,110 /female 1,944)",
"25_54_years": "40.35% (male 6,094 /female 5,794)",
"55_64_years": "9.31% (male 1,183 /female 1,560)",
"65_years_and_over": "16.28% (male 2,336 /female 2,461) (2018 est.)",
}, 
"median_age": 
{
"total": "35 years (2018 est.)",
"male": "34.1 years",
"female": "36 years",
}, 
"population_growth_rate": "0.21% (2018 est.)",
"birth_rate": "13.9 births/1,000 population (2018 est.)",
"death_rate": "8.5 deaths/1,000 population (2018 est.)",
"net_migration_rate": "-3.3 migrant(s)/1,000 population (2018 est.)",
"urbanization": 
{
"urban_population": "100% of total population (2019)",
"rate_of_urbanization": "0.45% annual rate of change (2015-20 est.)",
}, 
"major_urban_areas_population": "35,000 GIBRALTAR (capital) (2018)",
"sex_ratio": 
{
"at_birth": "1.07 male(s)/female",
"0_14_years": "1.05 male(s)/female",
"15_24_years": "1.09 male(s)/female",
"25_54_years": "1.05 male(s)/female",
"55_64_years": "0.76 male(s)/female",
"65_years_and_over": "0.95 male(s)/female",
"total_population": "1.01 male(s)/female (2018 est.)",
}, 
"infant_mortality_rate": 
{
"total": "5.8 deaths/1,000 live births (2018 est.)",
"male": "6.5 deaths/1,000 live births",
"female": "5.1 deaths/1,000 live births",
}, 
"life_expectancy_at_birth": 
{
"total_population": "79.7 years (2018 est.)",
"male": "76.8 years",
"female": "82.8 years",
}, 
"total_fertility_rate": "1.9 children born/woman (2018 est.)",
"hiv_aids_adult_prevalence_rate": " NA",
"hiv_aids_people_living_with_hiv_aids": " NA",
"hiv_aids_deaths": " NA",
"education_expenditures": " NA",
}, 
"government": 
{
"country_name": 
{
"conventional_long_form": "none",
"conventional_short_form": "Gibraltar",
"etymology": "from the Spanish derivation of the Arabic &quot;Jabal Tariq,&quot; which means &quot;Mountain of Tariq&quot; and which refers to the Rock of Gibraltar",
}, 
"dependency_status": "overseas territory of the UK",
"government_type": "parliamentary democracy (Parliament); self-governing overseas territory of the UK",
"capital": 
{
"name": "Gibraltar",
"geographic_coordinates": "36 08 N, 5 21 W",
"time_difference": "UTC+1 (6 hours ahead of Washington, DC, during Standard Time)",
"daylight_saving_time": "+1hr, begins last Sunday in March; ends last Sunday in October",
}, 
"administrative_divisions": "none (overseas territory of the UK)",
"independence": "none (overseas territory of the UK)",
"national_holiday": "National Day, 10 September (1967); note - day of the national referendum to decide whether to remain with the UK or join Spain",
"constitution": 
{
"history": "previous 1969; latest passed by referendum 30 November 2006, entered into effect 14 December 2006, entered into force 2 January 2007",
"amendments": "proposed by Parliament and require prior consent of the British monarch (through the Secretary of State); passage requires at least three-fourths majority vote in Parliament followed by simple majority vote in a referendum; note – only sections 1 through 15 in Chapter 1 (Protection of Fundamental Rights and Freedoms) can be amended by Parliament (2016)",
}, 
"legal_system": "the laws of the UK, where applicable, apply",
"citizenship": "see United Kingdom", 
"suffrage": "18 years of age; universal; and British citizens with six months residence or more",
"executive_branch": 
{
"chief_of_state": "Queen ELIZABETH II (since 6 February 1952); represented by Governor Lt. Gen. Edward DAVIS (since 19 January 2016)",
"head_of_government": "Chief Minister Fabian PICARDO (since 9 December 2011)",
"cabinet": "Council of Ministers appointed from among the 17 elected members of Parliament by the governor in consultation with the chief minister",
"elections_appointments": "the monarchy is hereditary; governor appointed by the monarch; following legislative elections, the leader of the majority party or majority coalition usually appointed chief minister by the governor",
}, 
"legislative_branch": 
{
"description": "unicameral Parliament (18 seats; 17 members directly elected in a single nationwide constituency by majority vote and 1 appointed by Parliament as speaker; members serve 4-year terms) (e.g. 2019)",
"elections": "last held on 17 October 2019 (next to be held in 2023) (e.g. 2019)",
"election_results": "percent of vote by party - GSLP-Liberal Alliance 52.5% (GSLP 37.0%, LPG 15.5%), GSD 25.6%; seats by party - GSLP-Liberal Alliance 10 (GSLP 7, LPG 3), GSD 6; composition of elected members -&amp;nbsp;men 15, women 2, percent of women 11.8% (e.g. 2019)",
}, 
"judicial_branch": 
{
"highest_courts": "Court of Appeal (consists of at least 3 judges, including the court president); Supreme Court of Gibraltar (consists of the chief justice and 3 judges); note - appeals beyond the Court of Appeal are heard by the Judicial Committee of the Privy Council (in London)",
"judge_selection_and_term_of_office": "Court of Appeal and Supreme Court judges appointed by the governor upon the advice of the Judicial Service Commission, a 7-member body of judges and appointees of the governor; tenure of the Court of Appeal president based on terms of appointment; Supreme Court chief justice and judges normally appointed until retirement at age 67 but tenure can be extended 3 years",
"subordinate_courts": "Court of First Instance; Magistrates&#39; Court; specialized tribunals for issues relating to social security, taxes, and employment",
}, 
"political_parties_and_leaders": "Gibraltar Liberal Party or Liberal Party of Gibraltar or LPG [Joseph GARCIA]&lt;br /&gt;Gibraltar Social Democrats or GSD [Keith AZOPARDI]&lt;br /&gt;Gibraltar Socialist Labor Party or GSLP [Fabian PICARDO]&lt;br /&gt;GSLP-Liberal Alliance (includes GSLP and LPG)&lt;br /&gt;Together Gibraltar or TG [Marlene HASSAN-NAHON]",
"international_organization_participation": "ICC (NGOs), Interpol (subbureau), UPU",
"diplomatic_representation_in_the_us": "none (overseas territory of the UK)", 
"diplomatic_representation_from_the_us": "none (overseas territory of the UK)", 
"flag_description": "two horizontal bands of white (top, double width) and red with a three-towered red castle in the center of the white band; hanging from the castle gate is a gold key centered in the red band; the design is that of Gibraltar&#39;s coat of arms granted on 10 July 1502 by King Ferdinand and Queen Isabella of Spain; the castle symbolizes Gibraltar as a fortress, while the key represents Gibraltar&#39;s strategic importance - the key to the Mediterranean",
"national_symbol_s": "Barbary macaque; national colors: red, white, yellow",
"national_anthem": 
{
"name": "Gibraltar Anthem",
"lyrics_music": "Peter EMBERLEY",
}, 
}, 
"economy": 
{
"economy_overview": "&lt;p&gt;Self-sufficient Gibraltar benefits from an extensive shipping trade, offshore banking, and its position as an international conference center. Tax rates are low to attract foreign investment. The British military presence has been sharply reduced and now contributes about 7% to the local economy, compared with 60% in 1984. In recent years, Gibraltar has seen major structural change from a public to a private sector economy, but changes in government spending still have a major impact on the level of employment.&lt;/p&gt;&lt;p&gt;&lt;/p&gt;&lt;p&gt;The financial sector, tourism (over 11 million visitors in 2012), gaming revenues, shipping services fees, and duties on consumer goods also generate revenue. The financial sector, tourism, and the shipping sector contribute 30%, 30%, and 25%, respectively, of GDP. Telecommunications, e-commerce, and e-gaming account for the remaining 15%.&lt;/p&gt;",
"gdp_purchasing_power_parity":
{
"2014": "$2.044 billion",
"2013": "$1.85 billion",
"2012": "$2 billion",
},
"gdp_official_exchange_rate": "$2.044 billion (2014 est.) (2014 est.)",
"gdp_per_capita_ppp":
{
"2014": "$61,700",
"2008": "$43,000",
"2007": "$41,200",
},
"gdp_composition_by_sector_of_origin": 
{
"agriculture": "0% (2016 est.)",
"industry": "0% (2008 est.)",
"services": "100% (2016 est.)",
}, 
"agriculture_products": "none",
"industries": "tourism, banking and finance, ship repairing, tobacco",
"industrial_production_growth_rate": " NA",
"labor_force": "24,420 (2014 est.)",
"labor_force_by_occupation": 
{
"agriculture": " NEGL",
"industry": "1.8%",
"services": "98.2% (2014 est.)",
}, 
"unemployment_rate":
{
"2016": "1%",
},
"population_below_poverty_line": " NA",
"household_income_or_consumption_by_percentage_share": 
{
"lowest_10": " NA",
"highest_10": " NA",
}, 
"budget": 
{
"revenues": "475.8 million (2008 est.)",
"expenditures": "452.3 million (2008 est.)",
}, 
"taxes_and_other_revenues": "23.3% (of GDP) (2008 est.)",
"budget_surplus_or_deficit": "1.1% (of GDP) (2008 est.)",
"public_debt":
{
"2008": "7.5% of GDP",
"2006": "8.4% of GDP",
},
"fiscal_year": "1 July - 30 June",
"inflation_rate_consumer_prices":
{
"2013": "2.5%",
"2012": "2.2%",
},
"exports":
{
"2014": "$202.3 million",
"2004": "$271 million",
},
"exports_partners": "Spain 27.1%, Germany 20.4%, Netherlands 10.8%, Poland 8.6%, France 6.6%, Italy 5.7%, Cote dIvoire 4.5% (2017)",
"exports_commodities": "(principally reexports) petroleum 51%, manufactured goods (2010 est.)",
"imports":
{
"2004": "$2.967 billion",
},
"imports_commodities": "fuels, manufactured goods, foodstuffs",
"imports_partners": "Spain 15.6%, Italy 13.4%, US 13.3%, Netherlands 10.9%, Greece 8.5%, Russia 6.6%, UK 5.8%, Belgium 4.4% (2017)",
"debt_external": "&lt;p&gt;NA&lt;/p&gt;", 
"exchange_rates": 
{
"currency": "Gibraltar pounds (GIP) per US dollar -",
"exchange_rates":
{
"2017": "0.885",
"2016": "0.903",
"2015": "0.9214",
"2014": "0.885",
"2013": "0.7634",
},
}, 
}, 
"energy": 
{
"electricity_production": "238.8 million kWh (2016 est.)",
"electricity_consumption": "230.8 million kWh (2016 est.)",
"electricity_exports": "0 kWh (2016 est.)",
"electricity_imports": "0 kWh (2016 est.)",
"electricity_installed_generating_capacity": "43,000 kW (2016 est.)",
"electricity_from_fossil_fuels": "100% of total installed capacity (2016 est.)",
"electricity_from_nuclear_fuels": "0% of total installed capacity (2017 est.)",
"electricity_from_hydroelectric_plants": "0% of total installed capacity (2017 est.)",
"electricity_from_other_renewable_sources": "0% of total installed capacity (2017 est.)",
"crude_oil_production": "0 bbl/day (2018 est.)",
"crude_oil_exports": "0 bbl/day (2015 est.)",
"crude_oil_imports": "0 bbl/day (2015 est.)",
"crude_oil_proved_reserves": "0 bbl (1 January 2018 est.)",
"refined_petroleum_products_production": "0 bbl/day (2017 est.)",
"refined_petroleum_products_consumption": "78,000 bbl/day (2016 est.)",
"refined_petroleum_products_exports": "0 bbl/day (2015 est.)",
"refined_petroleum_products_imports": "74,200 bbl/day (2015 est.)",
"natural_gas_production": "0 cu m (2017 est.)",
"natural_gas_consumption": "0 cu m (2017 est.)",
"natural_gas_exports": "0 cu m (2017 est.)",
"natural_gas_imports": "0 cu m (2017 est.)",
"natural_gas_proved_reserves": "0 cu m (1 January 2014 est.)",
"carbon_dioxide_emissions_from_consumption_of_energy": "13.34 million Mt (2017 est.)",
}, 
"communications": 
{
"telephones_fixed_lines": 
{
"total_subscriptions": "19,753",
"subscriptions_per_100_inhabitants": "67 (2017 est.)",
}, 
"telephones_mobile_cellular": 
{
"total_subscriptions": "41,035",
"subscriptions_per_100_inhabitants": "140 (2017 est.)",
}, 
"telephone_system": 
{
"general_assessment": "adequate, automatic domestic system and adequate international facilities (2018)",
"domestic": "automatic exchange facilities; 67 per 100 fixed-line and 140 per 100 mobile-cellular (2018)",
"international": "country code - 350; landing point for the EIG to Europe, Asia, Africa and the Middle East via submarine cables;&amp;nbsp;radiotelephone; microwave radio relay; satellite earth station - 1 Intelsat (Atlantic Ocean) (2019)",
}, 
"broadcast_media": "Gibraltar Broadcasting Corporation (GBC) provides TV and radio broadcasting services via 1 TV station and 4 radio stations; British Forces Broadcasting Service (BFBS) operates 1 radio station; broadcasts from Spanish radio and TV stations are accessible",
"internet_country_code": ".gi",
"internet_users": 
{
"total": "27,699",
"percent_of_population": "94.4% (July 2016 est.)",
}, 
"broadband_fixed_subscriptions": 
{
"total": "17,373",
"subscriptions_per_100_inhabitants": "59 (2017 est.)",
}, 
}, 
"military_and_security": 
{
"military_and_security_forces": "Royal Gibraltar Regiment (2019)",
"military_note": "defense is the responsibility of the UK; the Royal Gibraltar Regiment replaced the last British regular infantry forces in 1991 (2019)",
}, 
"transportation": 
{
"civil_aircraft_registration_country_code_prefix": "VP-G (2016)",
"airports": "1 (2013)",
"airports_with_paved_runways": 
{
"total": "1 (2017)",
"1_524_to_2_437_m": "1 (2017)",
}, 
"roadways": 
{
"total": "29 km (2007)",
"paved": "29 km (2007)",
}, 
"merchant_marine": 
{
"total": "250",
"by_type": "bulk carrier 11, container ship 26, general cargo 81, oil tanker 27, other 105 (2018)",
}, 
"ports_and_terminals": "Gibraltar",
}, 
"transnational_issues": 
{
"disputes_international": "&lt;p&gt;in 2002, Gibraltar residents voted overwhelmingly by referendum to reject any &quot;shared sovereignty&quot; arrangement; the Government of Gibraltar insists on equal participation in talks between the UK and Spain; Spain disapproves of UK plans to grant Gibraltar even greater autonomy&lt;/p&gt;",
}
}
