{
"name": "Howland Island",
"code": "HQ",
"publish_date": "December 18, 2019",
"introduction": 
{
"background": "Discovered by the US early in the 19th century, the island was officially claimed by the US in 1857. Both US and British companies mined for guano until about 1890. Earhart Light, a day beacon near the middle of the west coast, was partially destroyed during World War II, but subsequently rebuilt; it is named in memory of the famed aviatrix Amelia EARHART. The island is administered by the US Department of the Interior as a National Wildlife Refuge.",
}, 
"geography": 
{
"location": "Oceania, island in the North Pacific Ocean, about half way between Hawaii and Australia",
"geographic_coordinates": "0 48 N, 176 38 W",
"map_references": "Oceania",
"area": 
{
"total": "1.6 sq km",
"land": "1.6 sq km",
"water": "0 sq km",
}, 
"area_comparative": "about three times the size of The Mall in Washington, DC",
"land_boundaries": "0 km",
"coastline": "6.4 km",
"maritime_claims": 
{
"territorial_sea": "12 nm",
"exclusive_economic_zone": "200 nm",
}, 
"climate": "equatorial; scant rainfall, constant wind, burning sun",
"terrain": "low-lying, nearly level, sandy, coral island surrounded by a narrow fringing reef; depressed central area",
"natural_resources": "guano (deposits worked until late 1800s), terrestrial and aquatic wildlife",
"natural_hazards": "the narrow fringing reef surrounding the island can be a maritime hazard",
"environment_current_issues": "no natural fresh water resources",
"geography_note": "almost totally covered with grasses, prostrate vines, and low-growing shrubs; small area of trees in the center; primarily a nesting, roosting, and foraging habitat for seabirds, shorebirds, and marine wildlife",
}, 
"people_and_society": 
{
"population": " uninhabited",
}, 
"government": 
{
"country_name": 
{
"conventional_long_form": "none",
"conventional_short_form": "Howland Island",
"etymology": "named after the lookout on a whaling vessel who spotted the island in 1842",
}, 
"dependency_status": "unincorporated territory of the US; administered from Washington, DC, by the Fish and Wildlife Service of the US Department of the Interior as part of the National Wildlife Refuge System",
"legal_system": "the laws of the US apply where applicable&amp;nbsp;",
"flag_description": "the flag of the US is used",
}, 
"military_and_security": 
{
"military_note": "defense is the responsibility of the US; visited annually by the US Coast Guard (2019)",
}, 
"transportation": 
{
"ports_and_terminals": "none; offshore anchorage only; note - there is one small boat landing area along the middle of the west coast", 
"transportation_note": "Earhart Light, a day beacon near the middle of the west coast, was partially destroyed during World War II but rebuilt during the 1960s; today it is crumbling and in poor repair; named in memory of famed aviatrix Amelia EARHART",
}, 
"transnational_issues": 
{
"disputes_international": "&lt;p&gt;none&lt;/p&gt;",
}
}
