{
"name": "Saint Lucia",
"code": "ST",
"publish_date": "December 18, 2019",
"introduction": 
{
"background": "The island, with its fine natural harbor at Castries and burgeoning sugar industry, was contested between England and France throughout the 17th and early 18th centuries (changing possession 14 times); it was finally ceded to the UK in 1814 and became part of the British Windward Islands colony. Even after the abolition of slavery on its plantations in 1834, Saint Lucia remained an agricultural island, dedicated to producing tropical commodity crops. In the mid-20th century, Saint Lucia joined the West Indies Federation (1958&amp;ndash;1962) and in 1967 became one of the six members of the West Indies Associated States, with internal self-government. In 1979, Saint Lucia gained full independence.",
}, 
"geography": 
{
"location": "Caribbean, island between the Caribbean Sea and North Atlantic Ocean, north of Trinidad and Tobago",
"geographic_coordinates": "13 53 N, 60 58 W",
"map_references": "Central America and the Caribbean",
"area": 
{
"total": "616 sq km",
"land": "606 sq km",
"water": "10 sq km",
}, 
"area_comparative": "three and a half times the size of Washington, DC",
"land_boundaries": "0 km",
"coastline": "158 km",
"maritime_claims": 
{
"territorial_sea": "12 nm",
"exclusive_economic_zone": "200 nm",
"contiguous_zone": "24 nm",
"continental_shelf": "200 nm or to the edge of the continental margin",
}, 
"climate": "tropical, moderated by northeast trade winds; dry season January to April, rainy season May to August",
"terrain": "volcanic and mountainous with broad, fertile valleys",
"elevation": 
{
"lowest_point": "Caribbean Sea 0 m",
"highest_point": "Mount Gimie 948 m",
}, 
"natural_resources": "forests, sandy beaches, minerals (pumice), mineral springs, geothermal potential",
"land_use": 
{
"agricultural_land": "17.4% (2011 est.)",
"agricultural_land_arable_land": "4.9% (2011 est.)",
"agricultural_land_permanent_crops": "11.5% (2011 est.)",
"agricultural_land_permanent_pasture": "1% (2011 est.)",
"forest": "77% (2011 est.)",
"other": "5.6% (2011 est.)",
}, 
"irrigated_land": "30 sq km (2012)",
"population_distribution": "most of the population is found on the periphery of the island, with a larger concentration in the north around the capital of Castries",
"natural_hazards": "&lt;p&gt;hurricanes&lt;/p&gt;&lt;p&gt;&lt;strong&gt;volcanism:&lt;/strong&gt; Mount Gimie (948 m), also known as Qualibou, is a caldera on the west of the island; the iconic twin pyramidal peaks of Gros Piton (771 m) and Petit Piton (743 m) are lava dome remnants associated with the Soufriere volcano; there have been no historical magmatic eruptions, but a minor steam eruption in 1766 spread a thin layer of ash over a wide area; Saint Lucia is part of the volcanic island arc of the Lesser Antilles that extends from Saba in the north to Grenada in the south&lt;/p&gt;",
"environment_current_issues": "deforestation; soil erosion, particularly in the northern region",
"environment_international_agreements": 
{
"party_to": "Biodiversity, Climate Change, Climate Change-Kyoto Protocol, Desertification, Endangered Species, Environmental Modification, Hazardous Wastes, Law of the Sea, Marine Dumping, Ozone Layer Protection, Ship Pollution, Wetlands, Whaling",
"signed_but_not_ratified": "none of the selected agreements",
}, 
"geography_note": "the twin Pitons (Gros Piton and Petit Piton), striking cone-shaped peaks south of Soufriere, are one of the scenic natural highlights of the Caribbean",
}, 
"people_and_society": 
{
"population": "165,510 (July 2018 est.)",
"nationality": 
{
"noun": "Saint Lucian(s)",
"adjective": "Saint Lucian",
}, 
"ethnic_groups": "black/African descent 85.3%, mixed 10.9%, East Indian 2.2%, other 1.6%, unspecified 0.1% (2010 est.)",
"languages": "English (official), French patois",
"religions": "Roman Catholic 61.5%, Protestant 25.5% (includes Seventh Day Adventist 10.4%, Pentecostal 8.9%, Baptist 2.2%, Anglican 1.6%, Church of God 1.5%, other Protestant 0.9%), other Christian 3.4% (includes Evangelical 2.3% and Jehovah&#39;s Witness 1.1%), Rastafarian 1.9%, other 0.4%, none 5.9%, unspecified 1.4% (2010 est.)",
"age_structure": 
{
"0_14_years": "19.77% (male 16,840 /female 15,874)",
"15_24_years": "14.79% (male 12,419 /female 12,060)",
"25_54_years": "42.93% (male 34,228 /female 36,818)",
"55_64_years": "10.41% (male 7,944 /female 9,284)",
"65_years_and_over": "12.11% (male 9,086 /female 10,957) (2018 est.)",
}, 
"dependency_ratios": 
{
"total_dependency_ratio": "41.1 (2015 est.)",
"youth_dependency_ratio": "27.9 (2015 est.)",
"elderly_dependency_ratio": "13.3 (2015 est.)",
"potential_support_ratio": "7.5 (2015 est.)",
}, 
"median_age": 
{
"total": "35.5 years (2018 est.)",
"male": "34.3 years",
"female": "36.6 years",
}, 
"population_growth_rate": "0.31% (2018 est.)",
"birth_rate": "13.1 births/1,000 population (2018 est.)",
"death_rate": "7.8 deaths/1,000 population (2018 est.)",
"net_migration_rate": "-2.2 migrant(s)/1,000 population (2018 est.)",
"population_distribution": "most of the population is found on the periphery of the island, with a larger concentration in the north around the capital of Castries",
"urbanization": 
{
"urban_population": "18.8% of total population (2019)",
"rate_of_urbanization": "0.8% annual rate of change (2015-20 est.)",
}, 
"major_urban_areas_population": "22,000 CASTRIES (capital) (2018)",
"sex_ratio": 
{
"at_birth": "1.06 male(s)/female",
"0_14_years": "1.06 male(s)/female",
"15_24_years": "1.03 male(s)/female",
"25_54_years": "0.93 male(s)/female",
"55_64_years": "0.86 male(s)/female",
"65_years_and_over": "0.83 male(s)/female",
"total_population": "0.95 male(s)/female (2018 est.)",
}, 
"maternal_mortality_rate": "117 deaths/100,000 live births (2017 est.)",
"infant_mortality_rate": 
{
"total": "10.6 deaths/1,000 live births (2018 est.)",
"male": "10.2 deaths/1,000 live births",
"female": "11 deaths/1,000 live births",
}, 
"life_expectancy_at_birth": 
{
"total_population": "78.1 years (2018 est.)",
"male": "75.4 years",
"female": "81 years",
}, 
"total_fertility_rate": "1.74 children born/woman (2018 est.)",
"contraceptive_prevalence_rate": "55.5% (2011/12)",
"drinking_water_source": 
{
"improved_urban": "99.5% of population",
"improved_rural": "95.6% of population",
"improved_total": "96.3% of population",
"unimproved_urban": "0.5% of population",
"unimproved_rural": "4.4% of population",
"unimproved_total": "3.7% of population (2015 est.)",
}, 
"current_health_expenditure": "5.3% (2016)",
"physicians_density": "0.11 physicians/1,000 population (2009)",
"hospital_bed_density": "1.3 beds/1,000 population (2013)",
"sanitation_facility_access": 
{
"improved_urban": "84.7% of population (2015 est.)",
"improved_rural": "91.9% of population (2015 est.)",
"improved_total": "90.5% of population (2015 est.)",
"unimproved_urban": "15.3% of population (2015 est.)",
"unimproved_rural": "8.1% of population (2015 est.)",
"unimproved_total": "9.5% of population (2015 est.)",
}, 
"hiv_aids_adult_prevalence_rate": "0.6% (2018)",
"hiv_aids_people_living_with_hiv_aids": " &lt;1000 (2018)",
"hiv_aids_deaths": " &lt;100 (2018)",
"major_infectious_diseases": "&lt;p&gt;&lt;strong&gt;note:&lt;/strong&gt; active local transmission of Zika virus by Aedes species mosquitoes has been identified in this country (as of August 2016); it poses an important risk (a large number of cases possible) among US citizens if bitten by an infective mosquito; other less common ways to get Zika are through sex, via blood transfusion, or during pregnancy, in which the pregnant woman passes Zika virus to her fetus&lt;/p&gt;", 
"obesity_adult_prevalence_rate": "19.7% (2016)",
"children_under_the_age_of_5_years_underweight": "2.8% (2012)",
"education_expenditures": "3.8% of GDP (2018)",
"unemployment_youth_ages_15_24": 
{
"total": "46.2%",
"male": "42.6%",
"female": "51% (2016 est.)",
}, 
}, 
"government": 
{
"country_name": 
{
"conventional_long_form": "none",
"conventional_short_form": "Saint Lucia",
"etymology": "named after Saint LUCY of Syracuse by French sailors who were shipwrecked on the island on 13 December 1502, the saint&#39;s feast day",
}, 
"government_type": "parliamentary democracy under a constitutional monarchy; a Commonwealth realm",
"capital": 
{
"name": "Castries",
"geographic_coordinates": "14 00 N, 61 00 W",
"time_difference": "UTC-4 (1 hour ahead of Washington, DC, during Standard Time)",
}, 
"administrative_divisions": "10 districts; Anse-la-Raye, Canaries, Castries, Choiseul, Dennery, Gros-Islet, Laborie, Micoud, Soufriere, Vieux-Fort",
"independence": "22 February 1979 (from the UK)",
"national_holiday": "Independence Day, 22 February (1979)",
"constitution": 
{
"history": "previous 1958, 1960 (preindependence); latest presented 20 December 1978, effective 22 February 1979",
"amendments": "proposed by Parliament; passage requires at least two-thirds majority vote by the House of Assembly membership in the final reading and assent of the governor general; passage of amendments to various constitutional sections, such as those on fundamental rights and freedoms, government finances, the judiciary, and procedures for amending the constitution, require at least three-quarters majority vote by the House and assent of the governor general; passage of amendments approved by the House but rejected by the Senate require a majority of votes cast in a referendum (2018)",
}, 
"legal_system": "English common law",
"international_law_organization_participation": "has not submitted an ICJ jurisdiction declaration; accepts ICCt jurisdiction",
"citizenship": 
{
"citizenship_by_birth": "yes",
"citizenship_by_descent_only": "at least one parent must be a citizen of Saint Lucia",
"dual_citizenship_recognized": "yes",
"residency_requirement_for_naturalization": "8 years",
}, 
"suffrage": "18 years of age; universal",
"executive_branch": 
{
"chief_of_state": "Queen ELIZABETH II (since 6 February 1952); represented by Governor General Neville CENAC (since 12 January 2018)",
"head_of_government": "Prime Minister Allen CHASTANET (since 7 June 2016)",
"cabinet": "Cabinet appointed by the governor general on the advice of the prime minister",
"elections_appointments": "the monarchy is hereditary; governor general appointed by the monarch; following legislative elections, the leader of the majority party or majority coalition usually appointed prime minister by governor general; deputy prime minister appointed by governor general",
}, 
"legislative_branch": 
{
"description": "bicameral Parliament consists of:&lt;br /&gt;Senate (11 seats; 6 members appointed on the advice of the prime minister, 3 on the advice of the leader of the opposition, and 2 upon consultation with religious, economic, and social groups; members serve 5-year terms)&lt;br /&gt; House of Assembly (17 seats; members directly elected in single-seat constituencies by simple majority vote to serve 5-year terms)",
"elections": "Senate - last appointments on 12 July 2016 (next in 2021)&lt;br /&gt; House of Assembly - last held on 6 June 2016 (next to be held in 2021)",
"election_results": "Senate - percent of vote by party - NA; seats by party - NA; composition - men 8, women 3, percent of women 27.3%&lt;br /&gt; House of Assembly - percent of vote by party - UWP 54.8%, SLP 44.1%, other 1.1%; seats by party - UWP 11, SLP 6; composition - men 14, women 3, percent of women 17.6%; note - total Parliament percent of women 21.4%",
}, 
"judicial_branch": 
{
"highest_courts": "the Eastern Caribbean Supreme Court (ECSC) is the superior court of the Organization of Eastern Caribbean States; the ECSC - headquartered on St. Lucia - consists of the Court of Appeal - headed by the chief justice and 4 judges - and the High Court with 18 judges; the Court of Appeal is itinerant, traveling to member states on a schedule to hear appeals from the High Court and subordinate courts; High Court judges reside in the member states with 4 on Saint Lucia; Saint Lucia is a member of the Caribbean Court of Justice",
"judge_selection_and_term_of_office": "chief justice of Eastern Caribbean Supreme Court appointed by Her Majesty, Queen ELIZABETH II; other justices and judges appointed by the Judicial and Legal Services Commission, an independent body of judicial officials; Court of Appeal justices appointed for life with mandatory retirement at age 65; High Court judges appointed for life with mandatory retirement at age 62",
"subordinate_courts": "magistrate&#39;s court",
}, 
"political_parties_and_leaders": "Lucian People&#39;s Movement or LPM [Therold PRUDENT]&lt;br /&gt;Saint Lucia Labor Party or SLP [Philip J. PIERRE]&lt;br /&gt;United Workers Party or UWP [Allen CHASTANET]",
"international_organization_participation": "ACP, AOSIS, C, Caricom, CD, CDB, CELAC, FAO, G-77, IBRD, ICAO, ICCt, ICRM, IDA, IFAD, IFC, IFRCS, ILO, IMF, IMO, Interpol, IOC, ISO, ITU, ITUC (NGOs), MIGA, NAM, OAS, OECS, OIF, OPANAL, OPCW, Petrocaribe, UN, UNCTAD, UNESCO, UNIDO, UPU, WCO, WFTU (NGOs), WHO, WIPO, WMO, WTO",
"diplomatic_representation_in_the_us": 
{
"chief_of_mission": "Ambassador Anton Edsel EDMUNDS (since 8 September 2017)",
"chancery": "1628 K Street NW, Suite 1250, Washington, DC 20006",
"telephone": "[1] (202) 364-6792 through 6795",
"fax": "[1] (202) 364-6723",
"consulate_s_general": "New York",
}, 
"diplomatic_representation_from_the_us": "the US does not have an embassy in Saint Lucia; the US Ambassador to Barbados is accredited to Saint Lucia", 
"flag_description": "cerulean blue with a gold isosceles triangle below a black arrowhead; the upper edges of the arrowhead have a white border; the blue color represents the sky and sea, gold stands for sunshine and prosperity, and white and black the racial composition of the island (with the latter being dominant); the two major triangles invoke the twin Pitons (Gros Piton and Petit Piton), cone-shaped volcanic plugs that are a symbol of the island",
"national_symbol_s": "twin pitons (volcanic peaks), Saint Lucia parrot; national colors: cerulean blue, gold, black, white",
"national_anthem": 
{
"name": "Sons and Daughters of St. Lucia",
"lyrics_music": "Charles JESSE/Leton Felix THOMAS",
}, 
}, 
"economy": 
{
"economy_overview": "&lt;p&gt;The island nation has been able to attract foreign business and investment, especially in its offshore banking and tourism industries. Tourism is Saint Lucia&#39;s main source of jobs and income - accounting for 65% of GDP - and the island&#39;s main source of foreign exchange earnings. The manufacturing sector is the most diverse in the Eastern Caribbean area. Crops such as bananas, mangos, and avocados continue to be grown for export, but St. Lucia&#39;s once solid banana industry has been devastated by strong competition.&lt;/p&gt;&lt;p&gt;&lt;/p&gt;&lt;p&gt;Saint Lucia is vulnerable to a variety of external shocks, including volatile tourism receipts, natural disasters, and dependence on foreign oil. Furthermore, high public debt - 77% of GDP in 2012 - and high debt servicing obligations constrain the CHASTANET administration&#39;s ability to respond to adverse external shocks.&lt;/p&gt;&lt;p&gt;&lt;/p&gt;&lt;p&gt;St. Lucia has experienced anemic growth since the onset of the global financial crisis in 2008, largely because of a slowdown in tourism - airlines cut back on their routes to St. Lucia in 2012. Also, St. Lucia introduced a value added tax in 2012 of 15%, becoming the last country in the Eastern Caribbean to do so. In 2013, the government introduced a National Competitiveness and Productivity Council to address St. Lucia&#39;s high public wages and lack of productivity.&lt;/p&gt;",
"gdp_purchasing_power_parity":
{
"2017": "$2.542 billion",
"2016": "$2.469 billion",
"2015": "$2.388 billion",
},
"gdp_official_exchange_rate": "$1.686 billion (2017 est.)",
"gdp_real_growth_rate":
{
"2017": "3%",
"2016": "3.4%",
"2015": "-0.9%",
},
"gdp_per_capita_ppp":
{
"2017": "$14,400",
"2016": "$14,200",
"2015": "$13,800",
},
"gross_national_saving":
{
"2017": "19.4% of GDP",
"2016": "15.5% of GDP",
"2015": "24.3% of GDP",
},
"gdp_composition_by_end_use": 
{
"household_consumption": "66.1% (2017 est.)",
"government_consumption": "11.2% (2017 est.)",
"investment_in_fixed_capital": "16.9% (2017 est.)",
"investment_in_inventories": "0.1% (2017 est.)",
"exports_of_goods_and_services": "62.7% (2017 est.)",
"imports_of_goods_and_services": "-56.9% (2017 est.)",
}, 
"gdp_composition_by_sector_of_origin": 
{
"agriculture": "2.9% (2017 est.)",
"industry": "14.2% (2017 est.)",
"services": "82.8% (2017 est.)",
}, 
"agriculture_products": "bananas, coconuts, vegetables, citrus, root crops, cocoa",
"industries": "tourism; clothing, assembly of electronic components, beverages, corrugated cardboard boxes, lime processing, coconut processing",
"industrial_production_growth_rate": "6% (2017 est.)",
"labor_force": "79,700 (2012 est.)",
"labor_force_by_occupation": 
{
"agriculture": "21.7%",
"industry": "24.7%",
"services": "53.6% (2002 est.)",
}, 
"unemployment_rate":
{
"2003": "20%",
},
"population_below_poverty_line": " NA",
"household_income_or_consumption_by_percentage_share": 
{
"lowest_10": " NA",
"highest_10": " NA",
}, 
"budget": 
{
"revenues": "398.2 million (2017 est.)",
"expenditures": "392.8 million (2017 est.)",
}, 
"taxes_and_other_revenues": "23.6% (of GDP) (2017 est.)",
"budget_surplus_or_deficit": "0.3% (of GDP) (2017 est.)",
"public_debt":
{
"2017": "70.7% of GDP",
"2016": "69.2% of GDP",
},
"fiscal_year": "1 April - 31 March",
"inflation_rate_consumer_prices":
{
"2017": "0.1%",
"2016": "-3.1%",
},
"central_bank_discount_rate":
{
"31 December 2010": "6.5%",
"31 December 2009": "6.5%",
},
"commercial_bank_prime_lending_rate":
{
"31 December 2017": "8.34%",
"31 December 2016": "8.47%",
},
"stock_of_narrow_money":
{
"31 December 2017": "$334.2 million",
"31 December 2016": "$318.4 million",
},
"stock_of_broad_money":
{
"31 December 2017": "$334.2 million",
"31 December 2016": "$318.4 million",
},
"stock_of_domestic_credit":
{
"31 December 2017": "$1.267 billion",
"31 December 2016": "$1.297 billion",
},
"current_account_balance":
{
"2017": "$21 million",
"2016": "-$31 million",
},
"exports":
{
"2017": "$185.1 million",
"2016": "$188.2 million",
},
"exports_partners": "US 67.6%, UK 5.9%, Trinidad and Tobago 5.5% (2017)",
"exports_commodities": "bananas 41%, clothing, cocoa, avocados, mangoes, coconut oil (2010 est.)",
"imports":
{
"2017": "$600 million",
"2016": "$575.9 million",
},
"imports_commodities": "food, manufactured goods, machinery and transportation equipment, chemicals, fuels",
"imports_partners": "US 53.3%, Trinidad and Tobago 10.8% (2017)",
"reserves_of_foreign_exchange_and_gold":
{
"31 December 2017": "$321.8 million",
"31 December 2016": "$320.7 million",
},
"debt_external":
{
"31 December 2017": "$570.6 million",
"31 December 2015": "$529 million",
},
"exchange_rates": 
{
"currency": "East Caribbean dollars (XCD) per US dollar -",
"exchange_rates":
{
"2017": "2.7",
"2016": "2.7",
"2015": "2.7",
"2014": "2.7",
"2013": "2.7",
},
}, 
}, 
"energy": 
{
"electricity_access": 
{
"electrification_total_population": "97.8% (2016)",
"electrification_urban_areas": "94.9% (2016)",
"electrification_rural_areas": "98.4% (2016)",
}, 
"electricity_production": "369 million kWh (2016 est.)",
"electricity_consumption": "343.2 million kWh (2016 est.)",
"electricity_exports": "0 kWh (2016 est.)",
"electricity_imports": "0 kWh (2016 est.)",
"electricity_installed_generating_capacity": "89,000 kW (2016 est.)",
"electricity_from_fossil_fuels": "99% of total installed capacity (2016 est.)",
"electricity_from_nuclear_fuels": "0% of total installed capacity (2017 est.)",
"electricity_from_hydroelectric_plants": "0% of total installed capacity (2017 est.)",
"electricity_from_other_renewable_sources": "1% of total installed capacity (2017 est.)",
"crude_oil_production": "0 bbl/day (2018 est.)",
"crude_oil_exports": "0 bbl/day (2015 est.)",
"crude_oil_imports": "0 bbl/day (2015 est.)",
"crude_oil_proved_reserves": "0 bbl (1 January 2018 est.)",
"refined_petroleum_products_production": "0 bbl/day (2015 est.)",
"refined_petroleum_products_consumption": "3,100 bbl/day (2016 est.)",
"refined_petroleum_products_exports": "0 bbl/day (2015 est.)",
"refined_petroleum_products_imports": "3,113 bbl/day (2015 est.)",
"natural_gas_production": "0 cu m (2017 est.)",
"natural_gas_consumption": "0 cu m (2017 est.)",
"natural_gas_exports": "0 cu m (2017 est.)",
"natural_gas_imports": "0 cu m (2017 est.)",
"natural_gas_proved_reserves": "0 cu m (1 January 2014 est.)",
"carbon_dioxide_emissions_from_consumption_of_energy": "437,900 Mt (2017 est.)",
}, 
"communications": 
{
"telephones_fixed_lines": 
{
"total_subscriptions": "35,014",
"subscriptions_per_100_inhabitants": "21 (2017 est.)",
}, 
"telephones_mobile_cellular": 
{
"total_subscriptions": "176,694",
"subscriptions_per_100_inhabitants": "107 (2017 est.)",
}, 
"telephone_system": 
{
"general_assessment": "an adequate system that is automatically switched; good interisland and international connections; broadband access; expanded FttP (Fiber to the Home) and LTE markets; regulatory development (2018)",
"domestic": "fixed-line teledensity is 21 per 100 persons and mobile-cellular teledensity is roughly 107 per 100 persons (2018)",
"international": "country code - 1-758; landing points for the ECFS&amp;nbsp;and Southern Caribbean Fiber submarine cables providing connectivity to numerous Caribbean islands; direct microwave radio relay link with Martinique and Saint Vincent and the Grenadines; tropospheric scatter to Barbados (2019)",
}, 
"broadcast_media": "3 privately owned TV stations; 1 public TV station operating on a cable network; multi-channel cable TV service available; a mix of state-owned and privately owned broadcasters operate nearly 25 radio stations including repeater transmission stations",
"internet_country_code": ".lc",
"internet_users": 
{
"total": "86,000",
"percent_of_population": "52.4% (July 2016 est.)",
}, 
"broadband_fixed_subscriptions": 
{
"total": "31,781",
"subscriptions_per_100_inhabitants": "19 (2017 est.)",
}, 
}, 
"military_and_security": 
{
"military_and_security_forces": "no regular military forces; Royal Saint Lucia Police Force (includes Special Service Unit, Marine Unit) (2018)",
"military_note": "St. Lucia is a member of the Regional Security System (RSS), an international agreement for the defense and security of the eastern Caribbean region.",
}, 
"transportation": 
{
"civil_aircraft_registration_country_code_prefix": "J6 (2016)",
"airports": "2 (2013)",
"airports_with_paved_runways": 
{
"total": "2 (2017)",
"2_438_to_3_047_m": "1 (2017)",
"1_524_to_2_437_m": "1 (2017)",
}, 
"roadways": 
{
"total": "1,210 km (2011)",
"paved": "847 km (2011)",
"unpaved": "363 km (2011)",
}, 
"ports_and_terminals": "Castries, Cul-de-Sac, Vieux-Fort",
}, 
"transnational_issues": 
{
"disputes_international": "&lt;p&gt;joins other Caribbean states to counter Venezuela&#39;s claim that Aves Island sustains human habitation, a criterion under UN Convention on the Law of the Sea, which permits Venezuela to extend its EEZ/continental shelf over a large portion of the eastern Caribbean Sea&lt;/p&gt;",
"illicit_drugs": "transit point for South American drugs destined for the US and Europe",
}
}
